Listing,Date,Keyword,State,City,Category,Sub Category,Listing URL,Potential,Numbered Date,Country, Date Searched
1957 CHEVY BEL AIR CAR OR STATION WAGON FRONT FENDERS, Nov 21, &excats=134-40&min_price=2000000&max_price=5000000, Texas, El Paso, For Sale-Wanted, Auto Parts by Owner, https://elpaso.craigslist.org/pts/d/el-paso-1957-chevy-bel-air-car-or/7012285935.html,,2019-11-21,US,2019-11-21
The Maison Royale de Saint-Louis was a school for girls located in Sai, Nov 21, &excats=134-40&min_price=2000000&max_price=5000000, District of Columbia, Washington, For Sale-Wanted, Cell Phones, https://washingtondc.craigslist.org/nva/mob/d/arlington-the-maison-royale-de-saint/7005316847.html,,2019-11-21,US,2019-11-21
tiene una hermana mayor Vados que, Nov 21, &excats=134-40&min_price=2000000&max_price=5000000, District of Columbia, Washington, For Sale-Wanted, Cell Phones, https://washingtondc.craigslist.org/doc/mob/d/washington-tiene-una-hermana-mayor/7005588172.html,,2019-11-21,US,2019-11-21
3 Dip the needle or rod in adhesive. Then gently insert the needle, Nov 21, &excats=134-40&min_price=2000000&max_price=5000000, District of Columbia, Washington, For Sale-Wanted, Cell Phones, https://washingtondc.craigslist.org/nva/mob/d/woodbridge-3-dip-the-needle-or-rod-in/7013994327.html,Want,2019-11-21,US,2019-11-21
lines are all closed will be a closed, Nov 21, &excats=134-40&min_price=2000000&max_price=5000000, District of Columbia, Washington, For Sale-Wanted, Cell Phones, https://washingtondc.craigslist.org/doc/mob/d/washington-lines-are-all-closed-will-be/7024274562.html,,2019-11-21,US,2019-11-21
2 LOTS10-UNIT RTI DEVELOPMENT..., Nov 21, &excats=134-40&min_price=2000000&max_price=5000000, California, Los Angeles, For Sale-Wanted, General, https://losangeles.craigslist.org/lac/for/d/north-hollywood-2-lots10-unit-rti/7024382270.html,,2019-11-21,US,2019-11-21
2 LOTS10-UNIT RTI DEVELOPMENT..., Nov 21, &excats=134-40&min_price=2000000&max_price=5000000, California, Los Angeles, For Sale-Wanted, General, https://losangeles.craigslist.org/lac/for/d/north-hollywood-2-lots10-unit-rti/7024382668.html,,2019-11-21,US,2019-11-21
Cozy Log home near UAF, Nov 21, &excats=134-40&min_price=2000000&max_price=5000000, Alaska, Fairbanks, For Sale-Wanted, General, https://fairbanks.craigslist.org/for/d/fairbanks-cozy-log-home-near-uaf/7024489195.html,,2019-11-21,US,2019-11-21
WE BUY ALL USED AND NEW NETWORKINGTELECOMDATA EQUIPMENT., Nov 21, &excats=134-40&min_price=2000000&max_price=5000000, Nevada, Las Vegas, For Sale-Wanted, Wanted, https://lasvegas.craigslist.org/wan/d/las-vegas-we-buy-all-used-and-new/7014561166.html,,2019-11-21,US,2019-11-21
BUY TEST SURVEY&CONSTRUCTION EQUIPMENT GASPOWERENERGYAUTOMATIC TOOL, Nov 21, &excats=134-40&min_price=2000000&max_price=5000000, Nevada, Las Vegas, For Sale-Wanted, Wanted, https://lasvegas.craigslist.org/wan/d/las-vegas-buy-test-surveyconstruction/7014559690.html,,2019-11-21,US,2019-11-21
WANTED: Networking/Telecom/Data Equipment and software, Nov 21, &excats=134-40&min_price=2000000&max_price=5000000, Nevada, Las Vegas, For Sale-Wanted, Wanted, https://lasvegas.craigslist.org/wan/d/las-vegas-wanted-networking-telecom/7014561934.html,Want,2019-11-21,US,2019-11-21
BUY TEST SURVEY&CONSTRUCTION EQUIPMENT GASPOWERENERGYAUTOMATIC TOOL, Nov 21, &excats=134-40&min_price=2000000&max_price=5000000, Nevada, Las Vegas, For Sale-Wanted, Wanted, https://lasvegas.craigslist.org/wan/d/las-vegas-buy-test-surveyconstruction/7014558594.html,,2019-11-21,US,2019-11-21
Ram 1500 and dakota grill, Nov 21, &excats=134-40&min_price=2000000&max_price=5000000, Arkansas, Fayetteville, For Sale-Wanted, Auto Parts by Owner, https://fayar.craigslist.org/pts/d/fayetteville-ram-1500-and-dakota-grill/7024221062.html,,2019-11-21,US,2019-11-21
WANTED: 16&quot; TIRES on BUICK LESABRE wheels, Nov 20, &excats=134-40&min_price=2000000&max_price=5000000, Pennsylvania, Pittsburgh, For Sale-Wanted, Wanted, https://pittsburgh.craigslist.org/wan/d/aliquippa-wanted-16-tires-on-buick/7024108526.html,Want,2019-11-20,US,2019-11-21
CASH PAID FOR IT EQUIPMENT. CISCO JUNIPER HP DELL AND MORE, Nov 20, &excats=134-40&min_price=2000000&max_price=5000000, Texas, Houston, For Sale-Wanted, Wanted, https://houston.craigslist.org/wad/d/spring-cash-paid-for-it-equipment-cisco/7023686671.html,,2019-11-20,US,2019-11-21
1/4 HP DC Motor, Nov 20, &excats=134-40&min_price=2000000&max_price=5000000, Virginia, Roanoke, For Sale-Wanted, Tools, https://roanoke.craigslist.org/tls/d/hardy-1-4-hp-dc-motor/7017800734.html,,2019-11-20,US,2019-11-21
We&#39;re waiting for a tow truck. That kid was almost run over when the t, Nov 20, &excats=134-40&min_price=2000000&max_price=5000000, District of Columbia, Washington, For Sale-Wanted, Cell Phones, https://washingtondc.craigslist.org/doc/mob/d/washington-were-waiting-for-tow-truck/7006088936.html,,2019-11-20,US,2019-11-21
occasional personal Badou background their paths, Nov 20, &excats=134-40&min_price=2000000&max_price=5000000, District of Columbia, Washington, For Sale-Wanted, Cell Phones, https://washingtondc.craigslist.org/mld/mob/d/temple-hills-occasional-personal-badou/7023754177.html,,2019-11-20,US,2019-11-21
CONDO LAND L A COUNTY, Nov 20, &excats=134-40&min_price=2000000&max_price=5000000, California, Los Angeles, For Sale-Wanted, General, https://losangeles.craigslist.org/ant/for/d/lancaster-condo-land-a-county/7023927141.html,,2019-11-20,US,2019-11-21
wAnTeD Vanagon/Bay window Vw Bus/Van Camper any Condition<<, Nov 20, &excats=134-40&min_price=2000000&max_price=5000000, California, San Diego, For Sale-Wanted, Wanted, https://sandiego.craigslist.org/csd/wan/d/wanted-vanagon-bay-window-vw-bus-van/7023783937.html,Want,2019-11-20,US,2019-11-21
$ Buying Baseball Football Basketball cards Comics Coins & Knives $$$$, Nov 20, &excats=134-40&min_price=2000000&max_price=5000000, California, Stockton, For Sale-Wanted, General, https://stockton.craigslist.org/for/d/rio-linda-buying-baseball-football/7012042044.html,,2019-11-20,US,2019-11-21
$ Buying Baseball Football Basketball cards Comics Coins & Knives $$$$, Nov 20, &excats=134-40&min_price=2000000&max_price=5000000, California, Stockton, For Sale-Wanted, Collectibles, https://stockton.craigslist.org/clt/d/rio-linda-buying-baseball-football/7012039812.html,,2019-11-20,US,2019-11-21
Toyota Tacoma, Nov 20, &excats=134-40&min_price=2000000&max_price=5000000, Arizona, Phoenix, For Sale-Wanted, Cars And Trucks, https://phoenix.craigslist.org/wvl/cto/d/surprise-toyota-tacoma/7023850744.html,,2019-11-20,US,2019-11-21
Costa Rica PROJECT for sale, Nov 20, &excats=134-40&min_price=2000000&max_price=5000000, Colorado, Boulder, For Sale-Wanted, General, https://boulder.craigslist.org/for/d/costa-rica-project-for-sale/7010242937.html,,2019-11-20,US,2019-11-21
Wanted Nascar Sheet Metal Fire Suits Crew Shirts and More!, Nov 20, &excats=134-40&min_price=2000000&max_price=5000000, North Carolina, Charlotte, For Sale-Wanted, Collectibles, https://charlotte.craigslist.org/clt/d/lowell-wanted-nascar-sheet-metal-fire/7023744203.html,Want,2019-11-20,US,2019-11-21
We buy all ROLEX!, Nov 20, &excats=134-40&min_price=2000000&max_price=5000000, Nevada, Las Vegas, For Sale-Wanted, Wanted, https://lasvegas.craigslist.org/wad/d/henderson-we-buy-all-rolex/7024164780.html,,2019-11-20,US,2019-11-21
Home heating oil, Nov 19, &excats=134-40&min_price=2000000&max_price=5000000, New York, Long Island, For Sale-Wanted, General, https://longisland.craigslist.org/for/d/elmont-home-heating-oil/7021835089.html,,2019-11-19,US,2019-11-21
Fundamental ingredients of the theory are the concepts of algorithmic, Nov 19, &excats=134-40&min_price=2000000&max_price=5000000, District of Columbia, Washington, For Sale-Wanted, Cell Phones, https://washingtondc.craigslist.org/nva/mob/d/falls-church-fundamental-ingredients-of/7011603992.html,,2019-11-19,US,2019-11-21
moved to England after being discharged from the Pakistan Army., Nov 19, &excats=134-40&min_price=2000000&max_price=5000000, District of Columbia, Washington, For Sale-Wanted, Cell Phones, https://washingtondc.craigslist.org/nva/mob/d/springfield-moved-to-england-after/7006487213.html,,2019-11-19,US,2019-11-21
En align momento del pasado  y  se, Nov 19, &excats=134-40&min_price=2000000&max_price=5000000, District of Columbia, Washington, For Sale-Wanted, Cell Phones, https://washingtondc.craigslist.org/nva/mob/d/alexandria-en-align-momento-del-pasado/7006237245.html,,2019-11-19,US,2019-11-21
280 ACRES!! For Sale Investors Dream, Nov 19, &excats=134-40&min_price=2000000&max_price=5000000, California, Bakersfield, For Sale-Wanted, Farm and Garden, https://bakersfield.craigslist.org/grq/d/wasco-280-acres-for-sale-investors-dream/7023094432.html,,2019-11-19,US,2019-11-21
ALL NEW!!! DID NOT USE AT ALL, Nov 19, &excats=134-40&min_price=2000000&max_price=5000000, California, Los Angeles, For Sale-Wanted, Clothes, https://losangeles.craigslist.org/lac/clo/d/beverly-hills-all-new-did-not-use-at-all/7023453876.html,,2019-11-19,US,2019-11-21
Real Estate For Sale, Nov 19, &excats=134-40&min_price=2000000&max_price=5000000, California, Palm Springs, For Sale-Wanted, General, https://palmsprings.craigslist.org/for/d/desert-hot-springs-real-estate-for-sale/7023385477.html,,2019-11-19,US,2019-11-21
Galaxy I phone moto google pixel  phone buyer, Nov 19, &excats=134-40&min_price=2000000&max_price=5000000, Tennessee, Knoxville, For Sale-Wanted, Cell Phones, https://knoxville.craigslist.org/mob/d/knoxville-galaxy-phone-moto-google/7015967452.html,,2019-11-19,US,2019-11-21
Cash 4 Cars, Nov 19, &excats=134-40&min_price=2000000&max_price=5000000, New Jersey, South Jersey, For Sale-Wanted, General, https://southjersey.craigslist.org/for/d/atco-cash-4-cars/7015296628.html,,2019-11-19,US,2019-11-21
FINANCIER / INVESTOR, Nov 19, &excats=134-40&min_price=2000000&max_price=5000000, Nevada, Las Vegas, For Sale-Wanted, Wanted, https://lasvegas.craigslist.org/wan/d/las-vegas-financier-investor/7023351008.html,,2019-11-19,US,2019-11-21
SM085 if someone manages to successfully, Nov 18, &excats=134-40&min_price=2000000&max_price=5000000, District of Columbia, Washington, For Sale-Wanted, Cell Phones, https://washingtondc.craigslist.org/nva/mob/d/springfield-sm085-if-someone-manages-to/7022756982.html,,2019-11-18,US,2019-11-21
El pobladadra dentro de la Cultura de El Argar durante un pe, Nov 18, &excats=134-40&min_price=2000000&max_price=5000000, District of Columbia, Washington, For Sale-Wanted, Cell Phones, https://washingtondc.craigslist.org/doc/mob/d/washington-el-pobladadra-dentro-de-la/7022636987.html,,2019-11-18,US,2019-11-21
El poblado se encuadra dentro de la, Nov 18, &excats=134-40&min_price=2000000&max_price=5000000, District of Columbia, Washington, For Sale-Wanted, Cell Phones, https://washingtondc.craigslist.org/doc/mob/d/washington-el-poblado-se-encuadra/7022620039.html,,2019-11-18,US,2019-11-21
Soplando en esa bocanada y manejando, Nov 18, &excats=134-40&min_price=2000000&max_price=5000000, District of Columbia, Washington, For Sale-Wanted, Cell Phones, https://washingtondc.craigslist.org/doc/mob/d/washington-soplando-en-esa-bocanada/7006271374.html,,2019-11-18,US,2019-11-21
Antique tea pots, Nov 18, &excats=134-40&min_price=2000000&max_price=5000000, Colorado, Denver, For Sale-Wanted, Antique By Owner, https://denver.craigslist.org/atq/d/dupont-antique-tea-pots/7018145366.html,,2019-11-18,US,2019-11-21
Cabinets, Nov 17, &excats=134-40&min_price=2000000&max_price=5000000, Ohio, Toledo, For Sale-Wanted, General, https://toledo.craigslist.org/for/d/bowling-green-cabinets/7010417051.html,,2019-11-17,US,2019-11-21
attention - to all in the - Agricultural business - MY FARM FOR SALE, Nov 17, &excats=134-40&min_price=2000000&max_price=5000000, New York, Long Island, For Sale-Wanted, Farm and Garden, https://longisland.craigslist.org/grd/d/westbury-attention-to-all-in-the/7018125047.html,,2019-11-17,US,2019-11-21
attention - to all in the - Agricultural business - MY FARM FOR SALE, Nov 17, &excats=134-40&min_price=2000000&max_price=5000000, California, Orange County, For Sale-Wanted, Farm and Garden, https://orangecounty.craigslist.org/grd/d/westbury-attention-to-all-in-the/7018117895.html,,2019-11-17,US,2019-11-21
Wash boards, Nov 17, &excats=134-40&min_price=2000000&max_price=5000000, California, San Diego, For Sale-Wanted, Antique By Owner, https://sandiego.craigslist.org/nsd/atq/d/rancho-santa-fe-wash-boards/7021823126.html,,2019-11-17,US,2019-11-21
Hot Rod Air Cleaner Cadillac-Olds, Nov 16, &excats=134-40&min_price=2000000&max_price=5000000, District of Columbia, Washington, For Sale-Wanted, Auto Parts by Owner, https://washingtondc.craigslist.org/nva/pts/d/hot-rod-air-cleaner-cadillac-olds/7011980353.html,,2019-11-16,US,2019-11-21
Vertical Mill (like Bridgeport), Nov 16, &excats=134-40&min_price=2000000&max_price=5000000, District of Columbia, Washington, For Sale-Wanted, Tools, https://washingtondc.craigslist.org/mld/tls/d/vertical-mill-like-bridgeport/7011979714.html,,2019-11-16,US,2019-11-21
***NEW** Ford F150 * Black Carpet Floor Mats***, Nov 16, &excats=134-40&min_price=2000000&max_price=5000000, South Carolina, Myrtle Beach, For Sale-Wanted, Auto Parts by Owner, https://myrtlebeach.craigslist.org/pts/d/myrtle-beach-new-ford-f150-black-carpet/7021243109.html,,2019-11-16,US,2019-11-21
CASH PAID FOR IT EQUIPMENT. CISCO JUNIPER HP DELL AND MORE, Nov 15, &excats=134-40&min_price=2000000&max_price=5000000, Texas, Houston, For Sale-Wanted, Wanted, https://houston.craigslist.org/wad/d/spring-cash-paid-for-it-equipment-cisco/7020487838.html,,2019-11-15,US,2019-11-21
73 UNIT APARTMENT COMPLEX, Nov 15, &excats=134-40&min_price=2000000&max_price=5000000, Georgia, Atlanta, For Sale-Wanted, General, https://atlanta.craigslist.org/atl/for/d/south-houston-73-unit-apartment-complex/7020747516.html,,2019-11-15,US,2019-11-21
27 Model T, Nov 15, &excats=134-40&min_price=2000000&max_price=5000000, Missouri, Kansas City, For Sale-Wanted, Cars And by Dealer, https://kansascity.craigslist.org/ctd/d/choteau-27-model/7021033964.html,,2019-11-15,US,2019-11-21
Probability distributions are generally, Nov 14, &excats=134-40&min_price=2000000&max_price=5000000, District of Columbia, Washington, For Sale-Wanted, Cell Phones, https://washingtondc.craigslist.org/doc/mob/d/washington-probability-distributions/7020221042.html,,2019-11-14,US,2019-11-21
House for Sale Private BeacchTennis Ct over 3 ACRES, Nov 14, &excats=134-40&min_price=2000000&max_price=5000000, California, Los Angeles, For Sale-Wanted, General, https://losangeles.craigslist.org/wst/for/d/malibu-house-for-sale-private/7020136794.html,,2019-11-14,US,2019-11-21
Close out!, Nov 14, &excats=134-40&min_price=2000000&max_price=5000000, Colorado, Denver, For Sale-Wanted, Household, https://denver.craigslist.org/hsh/d/close-out/7020302190.html,,2019-11-14,US,2019-11-21
Restaurant for sale, Nov 13, &excats=134-40&min_price=2000000&max_price=5000000, Pennsylvania, Philadelphia, For Sale-Wanted, General, https://philadelphia.craigslist.org/for/d/philadelphia-restaurant-for-sale/7019669430.html,,2019-11-13,US,2019-11-21
YOUTHAFYING  FOOD FROM WORLD&#39;S OLDEST TREE, Nov 13, &excats=134-40&min_price=2000000&max_price=5000000, California, Orange County, For Sale-Wanted, Health And Beauty, https://orangecounty.craigslist.org/hab/d/laguna-niguel-youthafying-food-from/7019573110.html,,2019-11-13,US,2019-11-21
lumber- old rough cut lumber, Nov 12, &excats=134-40&min_price=2000000&max_price=5000000, Ohio, Chillicothe, For Sale-Wanted, Materials, https://chillicothe.craigslist.org/mat/d/jackson-lumber-old-rough-cut-lumber/7000453615.html,,2019-11-12,US,2019-11-21
Wanted Hens and Roosters, Nov 12, &excats=134-40&min_price=2000000&max_price=5000000, Michigan, Port Huron, For Sale-Wanted, Farm and Garden, https://porthuron.craigslist.org/grd/d/wanted-hens-and-roosters/7009183016.html,Want,2019-11-12,US,2019-11-21
I BUY C-STORES GAS STATIONS & TRUCK STOPS, Nov 12, &excats=134-40&min_price=2000000&max_price=5000000, Texas, Houston, For Sale-Wanted, Wanted, https://houston.craigslist.org/wan/d/houston-buy-stores-gas-stations-truck/7018737861.html,,2019-11-12,US,2019-11-21
WORLD&#39;S LONGEST LIVING TREE FOOD, Nov 12, &excats=134-40&min_price=2000000&max_price=5000000, California, Orange County, For Sale-Wanted, Health And Beauty, https://orangecounty.craigslist.org/hab/d/dana-point-worlds-longest-living-tree/7019053199.html,,2019-11-12,US,2019-11-21
Commercial real estate, Nov 12, &excats=134-40&min_price=2000000&max_price=5000000, Oklahoma, Oklahoma City, For Sale-Wanted, Wanted, https://oklahomacity.craigslist.org/wan/d/ada-commercial-real-estate/7019024023.html,,2019-11-12,US,2019-11-21
WTB Paying cash for vintage toys video games action figures and more, Nov 11, &excats=134-40&min_price=2000000&max_price=5000000, Pennsylvania, Pittsburgh, For Sale-Wanted, Wanted, https://pittsburgh.craigslist.org/wan/d/monroeville-wtb-paying-cash-for-vintage/7016026093.html,,2019-11-11,US,2019-11-21
??Swiss watch collector looking for Rolex Breitling Omega And More, Nov 11, &excats=134-40&min_price=2000000&max_price=5000000, Florida, Gainesville, For Sale-Wanted, Jewelry, https://gainesville.craigslist.org/jwl/d/gainesville-swiss-watch-collector/7017797445.html,Want,2019-11-11,US,2019-11-21
Phoenix FRANCHISE Project, Nov 11, &excats=134-40&min_price=2000000&max_price=5000000, Arizona, Phoenix, For Sale-Wanted, Wanted, https://phoenix.craigslist.org/wvl/wan/d/phoenix-phoenix-franchise-project/7018380522.html,,2019-11-11,US,2019-11-21
Wanted Nascar Sheet Metal Fire Suits Crew Shirts and More!, Nov 11, &excats=134-40&min_price=2000000&max_price=5000000, North Carolina, Charlotte, For Sale-Wanted, Collectibles, https://charlotte.craigslist.org/clt/d/lowell-wanted-nascar-sheet-metal-fire/7017949386.html,Want,2019-11-11,US,2019-11-21
Wanted Nascar Sheet Metal Fire Suits Crew Shirts and More!, Nov 11, &excats=134-40&min_price=2000000&max_price=5000000, North Carolina, Charlotte, For Sale-Wanted, Collectibles, https://charlotte.craigslist.org/clt/d/lowell-wanted-nascar-sheet-metal-fire/7017919175.html,Want,2019-11-11,US,2019-11-21
looking for 1 of these wheels 20&quot; x 8.5&quot;, Nov 11, &excats=134-40&min_price=2000000&max_price=5000000, Kentucky, Lexington, For Sale-Wanted, NA, https://lexington.craigslist.org/wto/d/somerset-looking-for-1-of-these-wheels/7016331909.html,Want,2019-11-11,US,2019-11-21
I&#39;m Looking to Buy a Business!!!, Nov 10, &excats=134-40&min_price=2000000&max_price=5000000, New York, Buffalo, For Sale-Wanted, Wanted, https://buffalo.craigslist.org/wan/d/buffalo-im-looking-to-buy-business/7017324440.html,Want,2019-11-10,US,2019-11-21
$$ Buying Baseball Football Basketball cards Comics US Coins Knives $$, Nov 09, &excats=134-40&min_price=2000000&max_price=5000000, California, Chico, For Sale-Wanted, Wanted, https://chico.craigslist.org/wan/d/rio-linda-buying-baseball-football/6998054458.html,,2019-11-09,US,2019-11-21
Gesha Coffee Farm in Panama, Nov 09, &excats=134-40&min_price=2000000&max_price=5000000, Minnesota, St Cloud, For Sale-Wanted, Farm and Garden, https://stcloud.craigslist.org/grd/d/sauk-centre-gesha-coffee-farm-in-panama/7016978591.html,,2019-11-09,US,2019-11-21
Several tools and materials for renovating available make offer, Nov 09, &excats=134-40&min_price=2000000&max_price=5000000, Oklahoma, Tulsa, For Sale-Wanted, Tools, https://tulsa.craigslist.org/tls/d/tulsa-several-tools-and-materials-for/7016808642.html,,2019-11-09,US,2019-11-21
6.5% return on investment, Nov 08, &excats=134-40&min_price=2000000&max_price=5000000, Georgia, Athens, For Sale-Wanted, Wanted, https://atlanta.craigslist.org/atl/wan/d/athens-65-return-on-investment/7015866629.html,,2019-11-08,US,2019-11-21
6.5% return on investment, Nov 08, &excats=134-40&min_price=2000000&max_price=5000000, Georgia, Atlanta, For Sale-Wanted, Wanted, https://atlanta.craigslist.org/atl/wan/d/athens-65-return-on-investment/7015866629.html,,2019-11-08,US,2019-11-21
2019 Starcraft Mossy Oak 27RLI, Nov 07, &excats=134-40&min_price=2000000&max_price=5000000, Michigan, Port Huron, For Sale-Wanted, RVs, https://porthuron.craigslist.org/rvd/d/saginaw-2019-starcraft-mossy-oak-27rli/7015686704.html,,2019-11-07,US,2019-11-21
Buying Rolex Watches broken or old wanted, Nov 07, &excats=134-40&min_price=2000000&max_price=5000000, Florida, Ocala, For Sale-Wanted, Jewelry, https://ocala.craigslist.org/jwl/d/ocala-buying-rolex-watches-broken-or/7015721683.html,Want,2019-11-07,US,2019-11-21
FULLY OCCUPIED 10 HOME PORTFOLIO!!!, Nov 07, &excats=134-40&min_price=2000000&max_price=5000000, Nevada, Las Vegas, For Sale-Wanted, General, https://lasvegas.craigslist.org/for/d/las-vegas-fully-occupied-10-home/7015747661.html,,2019-11-07,US,2019-11-21
Corvette/Ferrari/Lamborghini, Nov 06, &excats=134-40&min_price=2000000&max_price=5000000, Maryland, Annapolis, For Sale-Wanted, Wanted, https://annapolis.craigslist.org/wan/d/bedford-corvette-ferrari-lamborghini/7014813311.html,,2019-11-06,US,2019-11-21
6% a year return on money, Nov 06, &excats=134-40&min_price=2000000&max_price=5000000, Georgia, Athens, For Sale-Wanted, Wanted, https://athensga.craigslist.org/wan/d/athens-6-year-return-on-money/7007400319.html,,2019-11-06,US,2019-11-21
I buy tools, Nov 06, &excats=134-40&min_price=2000000&max_price=5000000, Missouri, Kansas City, For Sale-Wanted, Wanted, https://kansascity.craigslist.org/wan/d/kansas-city-buy-tools/7008616830.html,,2019-11-06,US,2019-11-21
2011 Manitowoc 18000 Crawler Crane, Nov 05, &excats=134-40&min_price=2000000&max_price=5000000, Texas, Austin, For Sale-Wanted, Heavy Equipment, https://austin.craigslist.org/hvo/d/houma-2011-manitowoc-crawler-crane/7014339129.html,,2019-11-05,US,2019-11-21
2014 Manitowov 18000 Crawler Crane, Nov 05, &excats=134-40&min_price=2000000&max_price=5000000, Texas, Austin, For Sale-Wanted, Heavy Equipment, https://austin.craigslist.org/hvo/d/houma-2014-manitowov-crawler-crane/7014336411.html,,2019-11-05,US,2019-11-21
2014 Manitowov 18000 Crawler Crane, Nov 05, &excats=134-40&min_price=2000000&max_price=5000000, Texas, Austin, For Sale-Wanted, Heavy Equipment, https://austin.craigslist.org/hvo/d/houma-2014-manitowov-crawler-crane/7014089014.html,,2019-11-05,US,2019-11-21
100 Acres  - River Chase, Nov 05, &excats=134-40&min_price=2000000&max_price=5000000, Texas, San Marcos, For Sale-Wanted, Farm and Garden, https://sanmarcos.craigslist.org/grd/d/new-braunfels-100-acres-river-chase/7014165294.html,,2019-11-05,US,2019-11-21
??Swiss watch collector looking for Rolex Omega, Nov 05, &excats=134-40&min_price=2000000&max_price=5000000, Florida, Gainesville, For Sale-Wanted, Jewelry, https://gainesville.craigslist.org/jwl/d/gainesville-swiss-watch-collector/7014518107.html,Want,2019-11-05,US,2019-11-21
Vinyl Fencing!!!, Nov 05, &excats=134-40&min_price=2000000&max_price=5000000, California, Santa Barbara, For Sale-Wanted, Wanted, https://santabarbara.craigslist.org/wan/d/capistrano-beach-vinyl-fencing/7014565219.html,,2019-11-05,US,2019-11-21
Wanted Nascar Sheet Metal Fire Suits Crew Shirts and More!, Nov 05, &excats=134-40&min_price=2000000&max_price=5000000, North Carolina, Charlotte, For Sale-Wanted, Collectibles, https://charlotte.craigslist.org/clt/d/lowell-wanted-nascar-sheet-metal-fire/7014279400.html,Want,2019-11-05,US,2019-11-21
Wanted Nascar Sheet Metal Fire Suits Crew Shirts and More!, Nov 05, &excats=134-40&min_price=2000000&max_price=5000000, North Carolina, Charlotte, For Sale-Wanted, Collectibles, https://charlotte.craigslist.org/clt/d/lowell-wanted-nascar-sheet-metal-fire/7014237843.html,Want,2019-11-05,US,2019-11-21
Tri axel dump, Nov 04, &excats=134-40&min_price=2000000&max_price=5000000, Florida, Pensacola, For Sale-Wanted, Heavy Equipment, https://pensacola.craigslist.org/hvo/d/pensacola-tri-axel-dump/7013326800.html,,2019-11-04,US,2019-11-21
Cash paid for Cub Cadet and John Deere parts mowers, Nov 03, &excats=134-40&min_price=2000000&max_price=5000000, Pennsylvania, Lancaster, For Sale-Wanted, Farm and Garden, https://lancaster.craigslist.org/grd/d/fawn-grove-cash-paid-for-cub-cadet-and/6993758247.html,,2019-11-03,US,2019-11-21
CASH PAID FOR IT EQUIPMENT. CISCO JUNIPER HP DELL AND MORE, Nov 03, &excats=134-40&min_price=2000000&max_price=5000000, Texas, Houston, For Sale-Wanted, Wanted, https://houston.craigslist.org/wad/d/spring-cash-paid-for-it-equipment-cisco/7013065964.html,,2019-11-03,US,2019-11-21
Buying Old Rolex anytime -, Nov 03, &excats=134-40&min_price=2000000&max_price=5000000, Florida, Space Coast, For Sale-Wanted, Wanted, https://spacecoast.craigslist.org/wan/d/melbourne-buying-old-rolex-anytime/7013058371.html,,2019-11-03,US,2019-11-21
A fake James Teames, Nov 03, &excats=134-40&min_price=2000000&max_price=5000000, California, Inland Empire, For Sale-Wanted, Heavy Equipment, https://inlandempire.craigslist.org/hvo/d/grand-terrace-fake-james-teames/7013126635.html,,2019-11-03,US,2019-11-21
Registered Charolais Replacement Heifers, Nov 03, &excats=134-40&min_price=2000000&max_price=5000000, Nebraska, Grand Island, For Sale-Wanted, Farm and Garden, https://grandisland.craigslist.org/grd/d/ansley-registered-charolais-replacement/7013101718.html,,2019-11-03,US,2019-11-21
2001 Chevrolet Tracker 4dr Hardtop 4WD Base, Nov 02, &excats=134-40&min_price=2000000&max_price=5000000, Colorado, Denver, For Sale-Wanted, Cars And by Dealer, https://denver.craigslist.org/ctd/d/denver-2001-chevrolet-tracker-4dr/7012383486.html,,2019-11-02,US,2019-11-21
Garage art signs & clocks, Nov 01, &excats=134-40&min_price=2000000&max_price=5000000, Michigan, Ann Arbor, For Sale-Wanted, Collectibles, https://annarbor.craigslist.org/clt/d/brighton-garage-art-signs-clocks/7011582879.html,,2019-11-01,US,2019-11-21
neon signs & clocks, Nov 01, &excats=134-40&min_price=2000000&max_price=5000000, Michigan, Ann Arbor, For Sale-Wanted, Collectibles, https://annarbor.craigslist.org/clt/d/brighton-neon-signs-clocks/7011582079.html,,2019-11-01,US,2019-11-21
17/18 & 19 beds ford, Oct 31, &excats=134-40&min_price=2000000&max_price=5000000, Oklahoma, Oklahoma City, For Sale-Wanted, Auto Parts by Owner, https://oklahomacity.craigslist.org/pts/d/norman-beds-ford/6993748738.html,,2019-10-31,US,2019-11-21
More Harley Davidson parts, Oct 30, &excats=134-40&min_price=2000000&max_price=5000000, Texas, Lubbock, For Sale-Wanted, Motorcycle Parts, https://lubbock.craigslist.org/mpo/d/lubbock-more-harley-davidson-parts/6991949792.html,,2019-10-30,US,2019-11-21
54 SINGLE FAMILY, Oct 30, &excats=134-40&min_price=2000000&max_price=5000000, Indiana, Indianapolis, For Sale-Wanted, General, https://indianapolis.craigslist.org/for/d/indianapolis-54-single-family/7010561848.html,,2019-10-30,US,2019-11-21
2017 Prestige 750 **10% dn x $17760 mo**SEAKEEPER**FACTORY DEMO, Oct 29, &excats=134-40&min_price=2000000&max_price=5000000, Oregon, Portland, For Sale-Wanted, Boat Parts by Dealer, https://portland.craigslist.org/mlt/bod/d/portland-2017-prestige-dn/7009639003.html,,2019-10-29,US,2019-11-21
1957 CHEVY BEL AIR CAR OR STATION WAGON FRONT FENDERS, Oct 29, &excats=134-40&min_price=2000000&max_price=5000000, Texas, El Paso, For Sale-Wanted, Auto Parts by Owner, https://elpaso.craigslist.org/pts/d/el-paso-1957-chevy-bel-air-car-or/7009685912.html,,2019-10-29,US,2019-11-21
2019 SEA RAY L590 FLY - CUSTOM, Oct 29, &excats=134-40&min_price=2000000&max_price=5000000, Florida, Pensacola, For Sale-Wanted, Boat Parts by Dealer, https://pensacola.craigslist.org/bod/d/grasonville-2019-sea-ray-l590-fly-custom/7009642446.html,,2019-10-29,US,2019-11-21
2018 Azimut 60 Flybridge, Oct 29, &excats=134-40&min_price=2000000&max_price=5000000, Florida, Space Coast, For Sale-Wanted, Boat Parts by Dealer, https://spacecoast.craigslist.org/bod/d/quincy-2018-azimut-60-flybridge/7009374750.html,,2019-10-29,US,2019-11-21
Jackie Robinson Baseball, Oct 28, &excats=134-40&min_price=2000000&max_price=5000000, Vermont, Vermont, For Sale-Wanted, Antique By Owner, https://vermont.craigslist.org/atq/d/burlington-jackie-robinson-baseball/7008962450.html,,2019-10-28,US,2019-11-21
buck and feed bread, Oct 27, &excats=134-40&min_price=2000000&max_price=5000000, Texas, Amarillo, For Sale-Wanted, Farm and Garden, https://amarillo.craigslist.org/grd/d/amarillo-buck-and-feed-bread/6991597926.html,,2019-10-27,US,2019-11-21
2003 Honda CR-V 4WD LX Auto, Oct 27, &excats=134-40&min_price=2000000&max_price=5000000, Colorado, Denver, For Sale-Wanted, Cars And by Dealer, https://denver.craigslist.org/ctd/d/denver-2003-honda-cr-4wd-lx-auto/7008080309.html,,2019-10-27,US,2019-11-21
Wanted.........  Old marbles silver bars and coins, Oct 27, &excats=134-40&min_price=2000000&max_price=5000000, Illinois, Peoria, For Sale-Wanted, Wanted, https://peoria.craigslist.org/wan/d/wanted-old-marbles-silver-bars-and-coins/7008156556.html,Want,2019-10-27,US,2019-11-21
MOVERS 4 LESS, Oct 26, &excats=134-40&min_price=2000000&max_price=5000000, District of Columbia, Washington, For Sale-Wanted, Furniture, https://washingtondc.craigslist.org/doc/fud/d/washington-movers-4-less/7007342866.html,,2019-10-26,US,2019-11-21
Outboard motors, Oct 26, &excats=134-40&min_price=2000000&max_price=5000000, Arkansas, Fort Smith, For Sale-Wanted, Boat Parts, https://fortsmith.craigslist.org/bpo/d/okay-outboard-motors/7007315408.html,,2019-10-26,US,2019-11-21
6% a year return on money, Oct 25, &excats=134-40&min_price=2000000&max_price=5000000, Georgia, Athens, For Sale-Wanted, Wanted, https://athensga.craigslist.org/wan/d/athens-6-year-return-on-money/7007186684.html,,2019-10-25,US,2019-11-21
Drop Deck Trailer, Oct 25, &excats=134-40&min_price=2000000&max_price=5000000, Wisconsin, Green Bay, For Sale-Wanted, NA, https://greenbay.craigslist.org/tro/d/quinnesec-drop-deck-trailer/7006807091.html,,2019-10-25,US,2019-11-21
ANTIQUE MINATURE CHIPPENDALE CHAIRS AND TABLE, Oct 23, &excats=134-40&min_price=2000000&max_price=5000000, Maryland, Eastern Shore, For Sale-Wanted, Antique By Owner, https://easternshore.craigslist.org/atq/d/ocean-city-antique-minature-chippendale/7005333449.html,,2019-10-23,US,2019-11-21
ANTIQUE MINATURE CHIPPENDALE CHAIRS AND TABLE, Oct 23, &excats=134-40&min_price=2000000&max_price=5000000, Virginia, Eastern Shore, For Sale-Wanted, Antique By Owner, https://easternshore.craigslist.org/atq/d/ocean-city-antique-minature-chippendale/7005333449.html,,2019-10-23,US,2019-11-21
Misc, Oct 23, &excats=134-40&min_price=2000000&max_price=5000000, Utah, St George, For Sale-Wanted, Household, https://stgeorge.craigslist.org/hsh/d/saint-george-misc/7005310168.html,,2019-10-23,US,2019-11-21
for sale, Oct 22, &excats=134-40&min_price=2000000&max_price=5000000, Pennsylvania, Harrisburg, For Sale-Wanted, Cars And Trucks, https://harrisburg.craigslist.org/cto/d/lebanon-for-sale/7004465599.html,,2019-10-22,US,2019-11-21
5% a year return on money, Oct 22, &excats=134-40&min_price=2000000&max_price=5000000, Georgia, Athens, For Sale-Wanted, Wanted, https://atlanta.craigslist.org/atl/wan/d/athens-5-year-return-on-money/7005123482.html,,2019-10-22,US,2019-11-21
5% a year return on money, Oct 22, &excats=134-40&min_price=2000000&max_price=5000000, Georgia, Athens, For Sale-Wanted, Wanted, https://atlanta.craigslist.org/atl/wan/d/athens-5-year-return-on-money/7004875174.html,,2019-10-22,US,2019-11-21
5% a year return on money, Oct 22, &excats=134-40&min_price=2000000&max_price=5000000, Georgia, Atlanta, For Sale-Wanted, Wanted, https://atlanta.craigslist.org/atl/wan/d/athens-5-year-return-on-money/7005123482.html,,2019-10-22,US,2019-11-21
5% a year return on money, Oct 22, &excats=134-40&min_price=2000000&max_price=5000000, Georgia, Atlanta, For Sale-Wanted, Wanted, https://atlanta.craigslist.org/atl/wan/d/athens-5-year-return-on-money/7004875174.html,,2019-10-22,US,2019-11-21
We want to buy your house for CASH!, Oct 22, &excats=134-40&min_price=2000000&max_price=5000000, Arizona, Phoenix, For Sale-Wanted, Wanted, https://phoenix.craigslist.org/cph/wan/d/phoenix-we-want-to-buy-your-house-for/7004860932.html,Want,2019-10-22,US,2019-11-21
Need financing for timberland, Oct 21, &excats=134-40&min_price=2000000&max_price=5000000, Vermont, Vermont, For Sale-Wanted, Wanted, https://vermont.craigslist.org/wan/d/blanchard-need-financing-for-timberland/7004286103.html,Want,2019-10-21,US,2019-11-21
2000 dodge ram part out, Oct 20, &excats=134-40&min_price=2000000&max_price=5000000, New York, Binghamton, For Sale-Wanted, Auto Parts by Owner, https://binghamton.craigslist.org/pts/d/windsor-2000-dodge-ram-part-out/6985975726.html,,2019-10-20,US,2019-11-21
Many items, Oct 20, &excats=134-40&min_price=2000000&max_price=5000000, Alabama, Mobile, For Sale-Wanted, General, https://mobile.craigslist.org/for/d/semmes-many-items/7003258439.html,,2019-10-20,US,2019-11-21
57 acres  views of ocean and valleys, Oct 19, &excats=134-40&min_price=2000000&max_price=5000000, California, Orange County, For Sale-Wanted, General, https://orangecounty.craigslist.org/for/d/capistrano-beach-57-acres-views-of/6993112195.html,,2019-10-19,US,2019-11-21
Custom Guitars and More, Oct 19, &excats=134-40&min_price=2000000&max_price=5000000, Tennessee, Nashville, For Sale-Wanted, Musical Instruments, https://nashville.craigslist.org/msg/d/smyrna-custom-guitars-and-more/6983069328.html,,2019-10-19,US,2019-11-21
1000 Acre Riverfront Hunting Property, Oct 18, &excats=134-40&min_price=2000000&max_price=5000000, Texas, Amarillo, For Sale-Wanted, Sporting Goods, https://amarillo.craigslist.org/spo/d/childress-1000-acre-riverfront-hunting/7002453435.html,,2019-10-18,US,2019-11-21
We buy junked Cars...915, Oct 18, &excats=134-40&min_price=2000000&max_price=5000000, Texas, El Paso, For Sale-Wanted, General, https://elpaso.craigslist.org/for/d/el-paso-we-buy-junked-cars915/7002460010.html,,2019-10-18,US,2019-11-21
1000 Acre Riverfront Hunting Property, Oct 18, &excats=134-40&min_price=2000000&max_price=5000000, Texas, Lubbock, For Sale-Wanted, Sporting Goods, https://lubbock.craigslist.org/spo/d/childress-1000-acre-riverfront-hunting/7002449410.html,,2019-10-18,US,2019-11-21
1000 Acre Riverfront Hunting Property, Oct 18, &excats=134-40&min_price=2000000&max_price=5000000, Texas, Waco, For Sale-Wanted, Sporting Goods, https://waco.craigslist.org/spo/d/childress-1000-acre-riverfront-hunting/7002490698.html,,2019-10-18,US,2019-11-21
Estate sale, Oct 18, &excats=134-40&min_price=2000000&max_price=5000000, New York, Rochester, For Sale-Wanted, Collectibles, https://rochester.craigslist.org/clt/d/fairport-estate-sale/7002481352.html,,2019-10-18,US,2019-11-21
1000 Acre Riverfront Hunting Property, Oct 17, &excats=134-40&min_price=2000000&max_price=5000000, Texas, Houston, For Sale-Wanted, Sporting Goods, https://houston.craigslist.org/spo/d/childress-1000-acre-riverfront-hunting/7001556739.html,,2019-10-17,US,2019-11-21
1000 Acre Riverfront Hunting Property, Oct 17, &excats=134-40&min_price=2000000&max_price=5000000, Oklahoma, Oklahoma City, For Sale-Wanted, Sporting Goods, https://oklahomacity.craigslist.org/spo/d/childress-1000-acre-riverfront-hunting/7001562499.html,,2019-10-17,US,2019-11-21
The Irishman, Oct 15, &excats=134-40&min_price=2000000&max_price=5000000, Pennsylvania, Philadelphia, For Sale-Wanted, Wanted, https://philadelphia.craigslist.org/wan/d/philadelphia-the-irishman/7000474285.html,,2019-10-15,US,2019-11-21
Motor 2001, Oct 13, &excats=134-40&min_price=2000000&max_price=5000000, Washington, Wenatchee, For Sale-Wanted, Wanted, https://wenatchee.craigslist.org/wan/d/east-wenatchee-motor-2001/6998754205.html,,2019-10-13,US,2019-11-21
Land for For Sale, Oct 11, &excats=134-40&min_price=2000000&max_price=5000000, California, Palm Springs, For Sale-Wanted, General, https://palmsprings.craigslist.org/for/d/san-jacinto-land-for-for-sale/6984260744.html,,2019-10-11,US,2019-11-21
ISO wrecked 2013 Malibu LTZ, Oct 10, &excats=134-40&min_price=2000000&max_price=5000000, Ohio, Youngstown, For Sale-Wanted, Wanted, https://youngstown.craigslist.org/wan/d/hubbard-iso-wrecked-2013-malibu-ltz/6997085106.html,,2019-10-10,US,2019-11-21
We buy junked Cars...915, Oct 10, &excats=134-40&min_price=2000000&max_price=5000000, Texas, El Paso, For Sale-Wanted, NA, https://elpaso.craigslist.org/wto/d/el-paso-we-buy-junked-cars915/6996517155.html,,2019-10-10,US,2019-11-21
We buy Rims with tires, Oct 10, &excats=134-40&min_price=2000000&max_price=5000000, Texas, El Paso, For Sale-Wanted, NA, https://elpaso.craigslist.org/wto/d/el-paso-we-buy-rims-with-tires/6996512368.html,,2019-10-10,US,2019-11-21
We Buy Businesses, Oct 09, &excats=134-40&min_price=2000000&max_price=5000000, Maryland, Baltimore, For Sale-Wanted, Wanted, https://baltimore.craigslist.org/wan/d/baltimore-we-buy-businesses/6996361425.html,,2019-10-09,US,2019-11-21
Gibson L5 Super V Deco Natural, Oct 09, &excats=134-40&min_price=2000000&max_price=5000000, Texas, Austin, For Sale-Wanted, Musical Instruments, https://austin.craigslist.org/msg/d/austin-gibson-l5-super-deco-natural/6996095223.html,,2019-10-09,US,2019-11-21
mobilehome for sale bu owner, Oct 07, &excats=134-40&min_price=2000000&max_price=5000000, Colorado, Pueblo, For Sale-Wanted, NA, https://pueblo.craigslist.org/tro/d/pueblo-mobilehome-for-sale-bu-owner/6994980108.html,,2019-10-07,US,2019-11-21
