"Name","Size_KB","LastWriteTime"
".env","0.1","7/8/2026 3:05:06 AM"
".gitignore","0.1","7/3/2026 6:10:26 PM"
"aegis_correlation_engine-Diego-HP-ProBook.py","20.6","7/13/2026 12:24:35 PM"
"aegis_correlation_engine.py","20.6","7/13/2026 12:24:35 PM"
"ag2_config-Diego-HP-ProBook.py","0.3","7/13/2026 12:24:35 PM"
"ag2_config.py","0.3","7/13/2026 12:24:35 PM"
"ag2_manifest.csv","0","7/16/2026 1:12:59 PM"
"briefings_data.js","283.2","7/6/2026 6:34:34 PM"
"bulk_load_graph_to_bq-Diego-HP-ProBook.py","7.2","7/13/2026 12:24:35 PM"
"bulk_load_graph_to_bq.py","7.2","7/13/2026 12:24:35 PM"
"check_person_data-Diego-HP-ProBook.py","2.1","7/13/2026 12:24:36 PM"
"check_person_data.py","2.1","7/13/2026 12:24:36 PM"
"check_ppp-Diego-HP-ProBook.py","0.7","7/13/2026 12:24:36 PM"
"check_ppp.py","0.7","7/13/2026 12:24:36 PM"
"check_properties-Diego-HP-ProBook.py","2.7","7/13/2026 12:24:36 PM"
"check_properties.py","2.7","7/13/2026 12:24:36 PM"
"choke_point_orgs-Diego-HP-ProBook.py","2.6","7/13/2026 12:24:36 PM"
"choke_point_orgs.py","2.6","7/13/2026 12:24:36 PM"
"control_clusters.json","104.4","7/13/2026 12:24:36 PM"
"correlations-Diego-HP-ProBook.py","5","7/13/2026 12:24:36 PM"
"correlations.py","5","7/13/2026 12:24:36 PM"
"edges.json","4082.5","7/13/2026 12:24:36 PM"
"extract_graph-Diego-HP-ProBook.py","14.8","7/13/2026 12:24:36 PM"
"extract_graph.py","14.8","7/13/2026 12:24:36 PM"
"extract_officer_candidates-Diego-HP-ProBook.py","4","7/13/2026 12:24:36 PM"
"extract_officer_candidates.py","4","7/13/2026 12:24:36 PM"
"find_addrs-Diego-HP-ProBook.py","1","7/13/2026 12:24:36 PM"
"find_addrs.py","1","7/13/2026 12:24:36 PM"
"find_exact_addrs-Diego-HP-ProBook.py","2.1","7/13/2026 12:24:36 PM"
"find_exact_addrs.py","2.1","7/13/2026 12:24:36 PM"
"forensic_master_spreadsheet.csv","29","7/1/2026 6:41:53 PM"
"gap_analysis-Diego-HP-ProBook.py","5","7/13/2026 12:24:36 PM"
"gap_analysis.py","5","7/13/2026 12:24:36 PM"
"git_autopush-Diego-HP-ProBook.py","0.8","7/13/2026 12:24:36 PM"
"git_autopush.py","0.8","7/13/2026 12:24:36 PM"
"graph_gap_report.json","129.7","7/13/2026 12:24:36 PM"
"index.html","31.5","7/15/2026 2:45:38 PM"
"knowledge_base.html","31.7","7/6/2026 6:34:58 PM"
"nodes.json","2747.6","7/13/2026 12:24:36 PM"
"onedrive_ingestion_engine-Diego-HP-ProBook.py","15.2","7/13/2026 12:24:36 PM"
"onedrive_ingestion_engine.py","15.2","7/13/2026 12:24:36 PM"
"onedrive_ingestion_index.json","1375.9","7/13/2026 12:24:36 PM"
"run_aegis_engine-Diego-HP-ProBook.bat","0.5","7/13/2026 12:24:37 PM"
"run_aegis_engine.bat","0.5","7/13/2026 12:24:37 PM"
"run_ag2_osint-Diego-HP-ProBook.py","4.3","7/13/2026 12:24:37 PM"
"run_ag2_osint.py","4.3","7/13/2026 12:24:37 PM"
"setup_kb.py","2.8","7/6/2026 6:42:14 PM"
"target_list-Diego-HP-ProBook.py","4.7","7/13/2026 12:24:37 PM"
"target_list.py","4.7","7/13/2026 12:24:37 PM"
"top_100_control_clusters.json","42.5","7/13/2026 12:24:37 PM"
"top_100_enrichment_targets.json","39.2","7/13/2026 12:24:37 PM"
"top_20_enrichment_gaps.json","18.2","7/13/2026 12:24:37 PM"
"trace_belavita_registered-Diego-HP-ProBook.py","1.7","7/13/2026 12:24:37 PM"
"trace_belavita_registered.py","1.7","7/13/2026 12:24:37 PM"
"trace_choke_points-Diego-HP-ProBook.py","4.2","7/13/2026 12:24:37 PM"
"trace_choke_points.py","4.2","7/13/2026 12:24:37 PM"
"trace_ppp_property-Diego-HP-ProBook.py","8.2","7/13/2026 12:24:37 PM"
"trace_ppp_property.py","8.2","7/13/2026 12:24:37 PM"
"SKILL.md","4.5","6/29/2026 5:22:56 PM"
"ag2_config.py","0.3","7/13/2026 12:24:35 PM"
"correlations.py","5","7/13/2026 12:24:35 PM"
"edges.json","4015.5","7/13/2026 12:24:35 PM"
"fv_hub.py","6.2","7/13/2026 12:24:35 PM"
"nodes.json","2747.2","7/13/2026 12:24:35 PM"
"phase8.py","8.4","7/13/2026 12:24:35 PM"
"run_ag2_osint.py","2.7","7/13/2026 12:24:35 PM"
"trace_ppp_property.py","8.2","7/13/2026 12:24:35 PM"
"README.md","1.4","7/13/2026 12:24:35 PM"
"requirements.txt","0.4","7/13/2026 12:24:35 PM"
"__init__.py","0.2","7/13/2026 12:24:35 PM"
"ai_client.py","2","7/13/2026 12:24:35 PM"
"core_agent.py","2.5","7/13/2026 12:24:35 PM"
"__init__.py","0.4","7/13/2026 12:24:35 PM"
"gdrive_connector.py","4.2","7/13/2026 12:24:35 PM"
"gmail_connector.py","4.3","7/13/2026 12:24:35 PM"
"ocr_connector.py","2.5","7/13/2026 12:24:35 PM"
"onedrive_connector.py","5","7/13/2026 12:24:35 PM"
"__init__.py","0.4","7/13/2026 12:24:35 PM"
"graph_builder.py","3","7/13/2026 12:24:35 PM"
"maltego_exporter.py","2.6","7/13/2026 12:24:35 PM"
"schema.py","1.7","7/13/2026 12:24:35 PM"
"spatial_mapper.py","1.6","7/13/2026 12:24:35 PM"
"__init__.py","0.3","7/13/2026 12:24:35 PM"
"correlation.py","3.1","7/13/2026 12:24:35 PM"
"npi_processor.py","2.7","7/13/2026 12:24:35 PM"
"CHROMEWEBSTORE.md","3.6","7/13/2026 12:24:36 PM"
"manifest.json","0.7","7/1/2026 3:33:34 AM"
"service-worker.js","1.7","7/13/2026 12:24:36 PM"
"gmail-scraper.js","2.5","7/1/2026 3:40:15 AM"
"panel.css","11.8","7/13/2026 12:24:36 PM"
"panel.html","9.9","7/13/2026 12:24:36 PM"
"panel.js","9.4","7/13/2026 12:24:36 PM"
