Keyword,Avg. Vol,Location,CPC,PPC,KD, Vol 2/2019, Vol 3/2019, Vol 4/2019,Vol 9/2019,Vol 10/2019,Comments ,SEO,
"yellow = low priority, green = medium priority, red =  high priority",,,,,,,,,,,,FALSE,FALSE
want to sell your home,30,Anywhere,183.85,39,51,20,40,30,40,30,,FALSE,FALSE
how to get your home sold quickly,10,Anywhere,145.54,75,50,10,0,10,10,10,,FALSE,FALSE
i need to sell my house today,10,Anywhere,143.96,95,38,10,10,10,10,10,,FALSE,FALSE
we buy homes fast,160,Anywhere,138.3,34,35,90,720,480,170,40,,FALSE,FALSE
what to do to sell your house quickly,10,Anywhere,105.35,51,50,10,10,10,10,10,,FALSE,FALSE
ways to sell your home quickly,10,Anywhere,100.38,28,52,10,10,10,10,20,,FALSE,FALSE
buy my house today,20,Anywhere,99.71,36,33,50,30,20,20,40,,FALSE,FALSE
need to sell my home quickly,10,Anywhere,99.18,100,50,0,10,10,10,10,,FALSE,FALSE
ways to sell your house quickly,10,Anywhere,98.31,80,53,10,20,20,10,10,,FALSE,FALSE
quickly sell your home,10,Anywhere,95.93,88,50,10,10,10,10,10,,FALSE,FALSE
how to sell a house for cash,40,Anywhere,95.34,62,31,30,70,50,40,70,,FALSE,FALSE
quickest way to sell a home,10,Anywhere,95.31,87,50,10,10,10,10,10,,FALSE,FALSE
sale my house now,10,Anywhere,88.72,34,33,30,20,20,10,10,,FALSE,FALSE
how to sell your home fast by owner,10,Anywhere,83.66,38,37,10,10,10,10,40,,FALSE,FALSE
buy our house,50,Anywhere,82.18,68,32,70,90,90,30,20,,FALSE,FALSE
sale my house quickly,60,Anywhere,81.01,43,47,50,90,70,50,70,,FALSE,FALSE
ways to sell your home,60,Anywhere,80,61,46,70,70,70,50,70,,FALSE,FALSE
quickest way to sell your home,10,Anywhere,77.27,88,50,10,20,20,30,10,,FALSE,FALSE
sell home fast for cash,140,Anywhere,76.5,70,29,210,170,170,110,110,,FALSE,FALSE
how to sale my house fast,40,Anywhere,75.19,74,47,50,40,50,30,30,,FALSE,FALSE
i need to sell my home fast,30,Anywhere,74.07,74,30,40,50,70,20,20,,FALSE,FALSE
i need help selling my house,10,Anywhere,72.76,98,51,10,10,10,10,10,,FALSE,FALSE
cash for your home,120,Anywhere,71.5,52,33,140,110,140,140,140,,FALSE,FALSE
we buy houses fast cash,120,Anywhere,70.54,38,38,170,110,110,110,210,,FALSE,FALSE
buy my home now,90,Anywhere,70.39,67,33,110,110,140,90,70,,FALSE,FALSE
buy my house fast,230,Anywhere,69.9,53,42,320,260,320,170,170,,FALSE,FALSE
we buy ugly homes,430,Anywhere,69.09,77,29,390,480,480,390,390,,FALSE,FALSE
quick cash for homes,1000,Anywhere,68.52,54,36,90,2400,9900,20,20,,FALSE,FALSE
we buy houses now,30,Anywhere,67.19,62,37,50,40,40,10,30,,FALSE,FALSE
best way to sell your home fast,10,Anywhere,66.89,94,43,10,20,20,10,10,,FALSE,FALSE
sell my home as is,100,Anywhere,66.81,82,30,110,110,110,90,90,,FALSE,FALSE
can i sell my house,130,Anywhere,66.66,64,44,140,140,140,90,90,,FALSE,FALSE
trying to sell my house,30,Anywhere,66.62,79,47,40,50,40,40,50,,FALSE,FALSE
buy homes fast,40,Anywhere,65.89,56,43,50,50,50,40,40,,FALSE,FALSE
i buy ugly houses,300,Anywhere,65.26,75,28,320,260,320,320,260,,FALSE,FALSE
i want to sell my house as is,30,Anywhere,65.17,95,33,40,30,30,30,40,,FALSE,FALSE
sell my property fast,150,Anywhere,64.84,53,41,140,210,170,110,140,,FALSE,FALSE
buy my home for cash,180,Anywhere,64.35,82,42,260,260,260,170,170,,FALSE,FALSE
*,200,Anywhere,64.1,75,34,170,170,210,210,210,,FALSE,FALSE
sell your home fast,960,Anywhere,63.3,67,54,1000,880,1000,880,1000,,FALSE,FALSE
need to sell my home fast,30,Anywhere,63.1,80,44,40,50,40,30,50,,FALSE,FALSE
buy my home fast,40,Anywhere,62.91,75,41,50,50,50,20,40,,FALSE,FALSE
sell home fast,1500,Anywhere,62.8,66,49,1600,1600,1900,1300,1600,,FALSE,FALSE
how to help your house sell fast,30,Anywhere,61.31,98,42,50,40,40,20,20,,FALSE,FALSE
i need to sell my home,20,Anywhere,61.27,75,51,40,20,20,20,30,,FALSE,FALSE
sell house for cash companies,20,Anywhere,61.23,41,33,40,40,30,10,10,,FALSE,FALSE
how to sell my house fast for cash,40,Anywhere,61.1,87,23,50,40,30,30,40,,FALSE,FALSE
need to sell house fast,210,Anywhere,60.94,36,44,260,210,320,170,210,,FALSE,FALSE
sell my home quickly,190,Anywhere,60.14,57,46,210,210,210,140,210,,FALSE,FALSE
sell my home fast,1300,Anywhere,59.33,75,45,1300,1600,1600,1000,1300,,FALSE,FALSE
sell your home today,30,Anywhere,59.16,31,34,50,50,50,40,50,,FALSE,FALSE
we buy homes for cash,910,Anywhere,59.01,65,31,880,720,1300,1300,1600,,FALSE,FALSE
sell my home for cash,430,Anywhere,58.67,80,28,390,590,590,390,480,,FALSE,FALSE
cash for my home,100,Anywhere,58.38,60,30,140,70,140,90,90,,FALSE,FALSE
need to sell my house now,10,Anywhere,57.39,64,33,20,10,20,20,20,,FALSE,FALSE
sell your house for cash,370,Anywhere,57.36,69,26,390,390,480,320,390,,FALSE,FALSE
we buy your home for cash,50,Anywhere,57.35,42,31,90,90,90,20,70,,FALSE,FALSE
cash for homes,1100,Anywhere,57.3,61,33,1000,1000,1300,1600,1300,,FALSE,FALSE
cash for my house,230,Anywhere,57.06,80,43,260,260,260,210,210,,FALSE,FALSE
sell my house quickly,830,Anywhere,56.88,73,46,880,880,880,720,1000,,FALSE,FALSE
where can i sell my house quickly,10,Anywhere,56.55,64,47,10,10,10,10,10,,FALSE,FALSE
how to sell your house for cash,40,Anywhere,56.23,64,44,70,50,70,20,30,,FALSE,FALSE
how to get your home ready to sell fast,10,Anywhere,55.98,71,39,10,10,10,10,10,,FALSE,FALSE
houses bought for cash,100,Anywhere,55.93,81,38,110,140,110,170,110,,FALSE,FALSE
how fast will my house sell,70,Anywhere,55.92,46,44,90,90,90,50,70,,FALSE,FALSE
we buy homes,1300,Anywhere,55.57,60,29,1600,1300,1300,1300,1600,,FALSE,FALSE
sale your home fast,40,Anywhere,55.31,60,42,50,70,50,20,20,,FALSE,FALSE
we buy houses fast,590,Anywhere,55.3,61,39,720,1000,590,390,480,,FALSE,FALSE
cash house,580,Anywhere,55.16,21,22,590,590,480,590,590,,FALSE,FALSE
best way to sell a house quickly,80,Anywhere,54.79,67,50,90,110,90,70,90,,FALSE,FALSE
cash home buyers,230,Anywhere,54.19,64,26,215,314,314,215,264,,FALSE,FALSE
sell home for cash,580,Anywhere,54.12,46,25,590,590,720,590,880,,FALSE,FALSE
sell home quickly,390,Anywhere,54.04,67,45,390,390,480,390,480,,FALSE,FALSE
sell your home for cash,260,Anywhere,53.96,70,28,260,260,390,260,170,,FALSE,FALSE
we buy any house any condition,50,Anywhere,53.9,62,15,40,50,50,50,40,,FALSE,FALSE
sell your house fast for cash,170,Anywhere,53.88,31,23,210,260,320,170,170,,FALSE,FALSE
buy my house now,680,Anywhere,53.72,68,33,720,720,880,590,390,,FALSE,FALSE
sell my house fast,7300,Anywhere,53.62,79,49,6600,8100,8100,8100,8100,,FALSE,FALSE
cash buyers for houses,170,Anywhere up,53.32,82,38,140,140,170,140,320,,FALSE,FALSE
we buy houses for cash,3300,Anywhere,53.28,66,36,3600,3600,3600,3600,3600,,FALSE,FALSE
fastest way to sell your home,20,Anywhere,53.13,91,46,30,10,20,20,10,,FALSE,FALSE
how to make your home sell faster,30,Anywhere,53.1,68,50,30,30,40,30,40,,FALSE,FALSE
cash offer on house,1100,Anywhere,52.97,70,45,1000,1300,1600,1600,1600,,FALSE,FALSE
sell house quickly,1500,Anywhere,52.86,69,52,1600,1900,1900,1000,1600,,FALSE,FALSE
buy my house for cash,540,Anywhere,52.52,85,30,720,720,720,480,590,,FALSE,FALSE
selling your home as is,140,Anywhere,52.27,83,44,140,140,170,140,140,,FALSE,FALSE
home buying companies,1000,Anywhere,51.99,80,46,1000,1000,1000,1000,1300,,FALSE,FALSE
sell my house instantly,10,Anywhere,51.8,81,48,10,10,10,10,10,,FALSE,FALSE
quickest way to sell my house,10,Anywhere,51.77,90,50,20,20,10,20,20,,FALSE,FALSE
sell your house fast,2500,Anywhere,51.6,70,44,2400,2900,2400,2400,2400,,FALSE,FALSE
sell my house for cash,1000,Anywhere,51.42,67,28,1300,1900,1600,880,880,,FALSE,FALSE
buy my house quick,90,Anywhere,51.34,69,43,110,110,110,50,210,,FALSE,FALSE
sell my home fast for cash,70,Anywhere,50.8,63,49,90,70,90,90,110,,FALSE,FALSE
i want to sell my home fast,30,Anywhere,50.7,59,46,40,30,30,30,50,,FALSE,FALSE
how to sell your home fast,510,Anywhere,50.63,78,51,480,480,480,590,480,,FALSE,FALSE
who can sell my house quickly,10,Anywhere,50.6,65,50,10,10,10,10,20,,FALSE,FALSE
cash for houses,2100,Anywhere,50.58,64,39,2400,2400,2400,2400,2400,,FALSE,FALSE
selling a home as is,920,Anywhere,50.44,71,43,880,1000,1000,880,880,,FALSE,FALSE
selling your house quickly,540,Anywhere,50.28,72,47,590,720,590,480,480,,FALSE,FALSE
sell your property quick,70,Anywhere,50.07,36,48,70,70,70,90,50,,FALSE,FALSE
we buy houses any condition,260,Anywhere,50,46,16,260,210,260,260,320,,FALSE,FALSE
sell house fast,7900,Anywhere,49.99,81,45,6600,8100,8100,9900,8100,,FALSE,FALSE
sell house for cash,1500,Anywhere,49.95,57,26,1900,1600,1600,1300,1900,,FALSE,FALSE
i need to sell my house fast,170,Anywhere,49.88,66,44,170,170,140,210,210,,FALSE,FALSE
want to sell home fast,10,Anywhere,49.86,82,51,10,0,10,10,10,,FALSE,FALSE
ways to sell your house fast,60,Anywhere,49.68,38,62,90,70,40,40,50,,FALSE,FALSE
sale my house fast,140,Anywhere,49.66,82,44,170,170,170,110,90,,FALSE,FALSE
how do i sell my house fast,70,Anywhere,49.65,63,52,70,70,90,90,90,,FALSE,FALSE
buy your home,190,Anywhere,49.62,67,37,260,210,210,170,210,,FALSE,FALSE
sell your home quickly,220,Anywhere,49.56,67,58,210,210,260,210,260,,FALSE,FALSE
we buy houses,12700,Anywhere,49.54,69,39,12100,12100,12100,14800,14800,,FALSE,FALSE
quick home sales,30,Anywhere,49.53,53,48,30,40,40,30,50,,FALSE,FALSE
we buy your house for cash,140,Anywhere,49.29,80,36,170,140,140,170,170,,FALSE,FALSE
sell my home now,60,Anywhere,49.29,86,27,70,70,50,70,40,,FALSE,FALSE
buy homes for cash,140,Anywhere,48.85,64,34,176,176,176,143,143,,FALSE,FALSE
fast home sale,330,Anywhere,48.81,47,45,480,390,390,210,210,,FALSE,FALSE
how do i sale my house,10,Anywhere,48.74,82,46,10,20,20,20,20,,FALSE,FALSE
how can i sell my home quickly,10,Anywhere,48.55,89,47,10,10,20,30,30,,FALSE,FALSE
ways to sell a house quickly,20,Anywhere,48.02,39,48,10,10,20,30,50,,FALSE,FALSE
how to sell a home as is,80,Anywhere,47.94,82,33,90,90,90,90,90,,FALSE,FALSE
sell your house today,50,Anywhere,47.82,37,29,70,50,70,40,70,,FALSE,FALSE
i want to sell my house fast,200,Anywhere,47.81,79,50,210,210,320,140,170,,FALSE,FALSE
who buys houses fast,30,Anywhere,47.47,48,40,50,70,70,30,30,,FALSE,FALSE
how to sell my house as is,40,Anywhere,47.33,79,33,50,50,50,50,70,,FALSE,FALSE
sell my house fast for cash,1600,Anywhere,47.11,68,26,1900,1300,1300,1600,2400,,FALSE,FALSE
sale your house fast,70,Anywhere,47.08,51,50,70,90,90,50,50,,FALSE,FALSE
need to sell my home,120,Anywhere,47.03,59,36,720,30,260,20,30,,FALSE,FALSE
advice for selling your home,10,Anywhere,46.85,61,48,20,20,10,10,20,,FALSE,FALSE
quick home sale options,20,Anywhere,46.57,60,40,30,20,40,10,10,,FALSE,FALSE
i need to sell my house quickly,40,Anywhere,46.27,77,44,50,50,70,30,40,,FALSE,FALSE
quickest way to sell a house,240,Anywhere,46.26,69,46,320,320,260,170,210,,FALSE,FALSE
sell my house now,900,Anywhere,46.18,55,31,720,720,720,1000,1300,,FALSE,FALSE
need to sell my house fast,760,Anywhere,46.14,78,44,880,880,720,720,720,,FALSE,FALSE
we will buy your home,30,Anywhere,45.83,36,33,20,20,40,20,70,,FALSE,FALSE
who buys homes for cash,70,Anywhere,45.43,80,49,140,70,90,70,110,,FALSE,FALSE
buy your house for cash,150,Anywhere,45.41,71,37,170,170,170,170,210,,FALSE,FALSE
sell your house now,80,Anywhere,45.3,63,33,110,90,50,70,140,,FALSE,FALSE
i need to sell my house,220,Anywhere,45.16,71,52,260,320,210,210,260,,FALSE,FALSE
i will buy your house,40,Anywhere,44.99,55,42,50,40,40,50,40,,FALSE,FALSE
i buy homes,140,Anywhere,44.87,61,46,140,140,140,170,110,,FALSE,FALSE
sale my house for cash,30,Anywhere,44.75,89,22,40,40,70,20,50,,FALSE,FALSE
selling a house as is,2100,Anywhere,44.23,81,30,1900,2400,2400,1900,2400,,FALSE,FALSE
how to sell my house fast,720,Anywhere,44.16,82,51,720,720,720,720,720,,FALSE,FALSE
we buy houses as is,90,Anywhere,44.12,52,38,110,90,90,90,110,,FALSE,FALSE
i buy houses cash,290,Anywhere,44.04,61,41,320,260,320,320,320,,FALSE,FALSE
buy my home quick,20,Anywhere,44.03,30,41,10,20,20,10,50,,FALSE,FALSE
fastest way to sell your house,50,Anywhere,43.92,58,40,70,70,70,50,70,,FALSE,FALSE
quick house sale companies,100,Anywhere,43.83,71,26,170,140,140,90,140,,FALSE,FALSE
fast cash for house,310,Anywhere,43.65,55,34,320,390,320,170,320,,FALSE,FALSE
sell my house as is,540,Anywhere,43.64,79,35,590,590,720,480,390,,FALSE,FALSE
we buy and sell homes,20,Anywhere,43.62,55,35,30,30,40,10,20,,FALSE,FALSE
who will buy my house for cash,20,Anywhere,43.48,80,33,30,20,20,10,20,,FALSE,FALSE
buy ugly houses,760,Anywhere,43.35,72,33,720,880,880,720,590,,FALSE,FALSE
people who buy houses for cash,60,Anywhere,43.32,79,37,70,50,40,90,50,,FALSE,FALSE
we buy houses companies,70,Anywhere,43.29,55,39,90,90,90,70,90,,FALSE,FALSE
selling your house as is,260,Anywhere,43.23,71,27,320,320,320,260,260,,FALSE,FALSE
fastest way to sell a home,20,Anywhere,43.19,80,43,20,30,20,30,30,,FALSE,FALSE
help selling my home,90,Anywhere,43.17,38,47,90,70,140,40,70,,FALSE,FALSE
we sell any house,20,Anywhere,42.95,92,37,40,30,40,40,10,,FALSE,FALSE
help sell my house,120,Anywhere,42.6,62,44,170,140,170,70,140,,FALSE,FALSE
sale my home fast,50,Anywhere,42.59,84,50,70,50,70,50,50,,FALSE,FALSE
companies that buy your home,70,Anywhere,42.58,67,32,70,90,90,90,110,,FALSE,FALSE
quick sale my home,20,Anywhere,42.58,83,50,30,40,20,10,30,,FALSE,FALSE
we buy your home,180,Anywhere,42.56,53,31,260,210,260,140,140,,FALSE,FALSE
how can i sell my house fast,290,Anywhere,42.43,78,39,320,260,320,320,260,,FALSE,FALSE
cash house buyers,1100,Anywhere,42.09,71,38,1000,1300,1600,1000,1300,,FALSE,FALSE
buy your house in 7 days,10,Anywhere,41.92,56,32,30,20,20,30,10,,FALSE,FALSE
how to sell my house quickly,180,Anywhere,41.9,65,40,210,260,260,140,170,,FALSE,FALSE
cash home,950,Anywhere,41.89,7,34,880,1000,1000,1000,1300,,FALSE,FALSE
sell house fast for cash,410,Anywhere,41.83,70,21,590,590,590,260,320,,FALSE,FALSE
property cash buyers,340,Anywhere,41.79,72,22,390,390,390,260,320,,FALSE,FALSE
who will buy my house,100,Anywhere,41.75,55,32,110,110,110,90,110,,FALSE,FALSE
fast home selling,10,Anywhere,41.73,54,57,30,20,10,10,30,,FALSE,FALSE
how do i sell my house quickly,20,Anywhere,41.48,61,47,20,30,30,40,30,,FALSE,FALSE
ugly houses,6400,Anywhere,41.45,15,32,4400,6600,5400,9900,9900,,FALSE,FALSE
who buys houses,360,Anywhere,41.44,85,39,320,390,480,390,390,,FALSE,FALSE
i want to sale my house,100,Anywhere,41.36,76,44,70,140,110,90,110,,FALSE,FALSE
best way to sell a house fast,90,Anywhere,41.26,82,54,70,90,90,110,110,,FALSE,FALSE
companies that buy homes for cash,80,Anywhere,41.06,57,46,90,90,110,70,110,,FALSE,FALSE
i want to sell my house,930,Anywhere,41.02,81,45,1000,1000,1000,880,880,,FALSE,FALSE
we buy your house,650,Anywhere,40.72,80,35,720,720,590,720,590,,FALSE,FALSE
buying a house with cash,4300,Anywhere,40.59,53,33,4400,4400,4400,4400,4400,,FALSE,FALSE
sell my property quickly,90,Anywhere,40.57,41,47,90,140,110,50,50,,FALSE,FALSE
ways to sell a house fast,70,Anywhere,40.47,70,45,110,70,110,40,70,,FALSE,FALSE
sell my home,4500,Anywhere,40.43,79,35,4400,4400,4400,4400,3600,,FALSE,FALSE
we buy any house,8300,Anywhere,40.41,94,23,8100,9900,9900,8100,8100,,FALSE,FALSE
looking to sell my house fast,10,Anywhere,40.33,93,47,10,10,10,10,10,,FALSE,FALSE
best quick house sale companies,140,Anywhere,40.1,89,34,140,110,170,140,140,,FALSE,FALSE
fast home buyers,140,Anywhere,40.1,51,23,170,170,170,110,140,,FALSE,FALSE
the best way to sell a house quickly,10,Anywhere,39.94,86,50,10,10,10,10,10,,FALSE,FALSE
quickest way to sell your house,50,Anywhere,39.88,59,47,50,50,70,50,90,,FALSE,FALSE
buy my house as is,80,Anywhere,39.75,82,37,140,90,90,50,70,,FALSE,FALSE
who buys houses quickly,20,Anywhere,39.69,24,38,70,50,30,10,20,,FALSE,FALSE
sell it fast,60,Anywhere,39.58,31,18,110,90,70,50,30,,FALSE,FALSE
how to get your house to sell fast,60,Anywhere,39.55,85,38,40,50,50,90,90,,FALSE,FALSE
companies that buy houses,2100,Anywhere,39.51,80,31,2400,2400,2400,2400,2400,,FALSE,FALSE
quick house sale,1500,Anywhere,39.47,69,35,1600,1600,1900,1600,1900,,FALSE,FALSE
how fast do houses sell,30,Anywhere,39.31,61,36,40,40,30,30,40,,FALSE,FALSE
sell my house today,130,Anywhere,39.29,43,36,210,140,140,70,170,,FALSE,FALSE
cash sale house,370,Anywhere,39.28,66,28,390,390,480,260,390,,FALSE,FALSE
need to sell your house fast,30,Anywhere,39.21,22,51,20,20,20,40,90,,FALSE,FALSE
quick sale homes,400,Anywhere,39.2,77,38,590,390,390,320,390,,FALSE,FALSE
ways to sell your house,110,Anywhere,39.19,74,45,90,110,140,110,140,,FALSE,FALSE
how to get my house to sell,10,Anywhere,39.15,91,47,10,10,10,20,20,,FALSE,FALSE
we will buy your house,110,Anywhere,39.12,58,47,140,140,170,140,110,,FALSE,FALSE
i want to sell my home,140,Anywhere,39.1,75,45,170,170,140,170,110,,FALSE,FALSE
want to sell my house fast,40,Anywhere,39.09,67,44,30,70,50,50,70,,FALSE,FALSE
need to sell house quickly,30,Anywhere,39.07,64,41,50,30,30,20,10,,FALSE,FALSE
we buy old houses,60,Anywhere,38.99,79,47,90,110,90,50,40,,FALSE,FALSE
companies that buy houses for cash,870,Anywhere,38.96,86,38,720,880,880,880,1000,,FALSE,FALSE
how to sell your home quickly,170,Anywhere,38.65,69,46,210,210,170,140,170,,FALSE,FALSE
companies that buy your house,230,Anywhere,38.47,77,36,210,320,260,260,260,,FALSE,FALSE
buy my property for cash,20,Anywhere,38.42,80,33,20,20,30,20,30,,FALSE,FALSE
quicker house sale,20,Anywhere,38.4,26,18,20,20,10,20,20,,FALSE,FALSE
who buys houses for cash,180,Anywhere,38.38,80,42,320,210,210,110,170,,FALSE,FALSE
sell your home online,260,Anywhere,38.33,72,51,260,260,320,260,260,,FALSE,FALSE
how to sell your house quickly,890,Anywhere,38.29,84,42,1000,1000,1000,880,720,,FALSE,FALSE
best way to sell your house quickly,10,Anywhere,37.94,37,52,20,10,20,10,30,,FALSE,FALSE
sell my house quick for cash,30,Anywhere,37.88,84,26,40,90,40,30,20,,FALSE,FALSE
looking to sell your home,120,Anywhere,37.85,61,49,140,170,140,140,170,,FALSE,FALSE
need to sell my house,280,Anywhere,37.83,55,44,260,320,320,320,210,,FALSE,FALSE
i buy houses,930,Anywhere,37.81,57,40,880,1000,1000,1000,1300,,FALSE,FALSE
company to buy my house,30,Anywhere,37.57,73,32,30,40,40,20,30,,FALSE,FALSE
sell my home online,170,Anywhere,37.53,67,48,170,170,170,210,210,,FALSE,FALSE
things to do to sell a house quickly,40,Anywhere,37.16,72,46,90,90,50,30,40,,FALSE,FALSE
sell flat quickly,50,Anywhere,37.09,83,46,50,90,70,50,70,,FALSE,FALSE
we buy any property,240,Anywhere,37.04,83,21,320,320,260,210,210,,FALSE,FALSE
how can i sell my home,20,Anywhere,36.76,74,46,30,40,30,20,20,,FALSE,FALSE
buy my home,1000,Anywhere,36.73,42,33,1000,1000,1000,1000,1000,,FALSE,FALSE
buy my house,5000,Anywhere,36.44,56,31,3600,4400,4400,6600,6600,,FALSE,FALSE
fast house buyers,130,Anywhere,36.37,62,37,110,260,140,90,170,,FALSE,FALSE
we buy real estate,70,Anywhere,36.32,66,10,70,140,70,90,70,,FALSE,FALSE
how to sell your house as is,100,Anywhere,36.31,74,33,110,110,110,90,90,,FALSE,FALSE
sell my home by owner,110,Anywhere,36.27,77,46,90,110,90,140,140,,FALSE,FALSE
buy your house,270,Anywhere,36.27,71,40,260,320,320,260,320,,FALSE,FALSE
selling your home,4100,Anywhere,36.27,72,39,4400,4400,4400,4400,4400,,FALSE,FALSE
what can i do to sell my house faster,30,Anywhere,36.21,86,46,40,40,40,50,50,,FALSE,FALSE
how quickly can you sell a house,130,Anywhere,35.94,77,23,140,170,140,140,140,,FALSE,FALSE
sell my house,12700,Anywhere,35.92,73,44,12100,12100,12100,14800,14800,,FALSE,FALSE
quick house sale advice,10,Anywhere,35.88,29,38,10,10,10,10,10,,FALSE,FALSE
best way to sell my house,100,Anywhere,35.75,89,52,170,110,140,90,90,,FALSE,FALSE
how to sell your house fast,1600,Anywhere,35.62,77,51,1600,1600,1900,1900,1600,,FALSE,FALSE
how quickly do houses sell,40,Anywhere,35.58,63,43,90,50,50,30,20,,FALSE,FALSE
how can i sale my house fast,10,Anywhere,35.37,79,47,20,20,20,20,20,,FALSE,FALSE
looking to sell my house,40,Anywhere,35.35,48,50,50,40,40,40,70,,FALSE,FALSE
sell my ugly house,40,Anywhere,35.11,81,23,50,50,40,20,50,,FALSE,FALSE
sale house fast,110,Anywhere,35.11,59,56,140,140,140,70,90,,FALSE,FALSE
quick house buyers,180,Anywhere,35.04,60,7,260,260,210,110,110,,FALSE,FALSE
ways to make your house sell faster,10,Anywhere,34.57,84,46,20,30,10,20,20,,FALSE,FALSE
best way to sell a home fast,10,Anywhere,34.39,93,43,10,10,10,10,20,,FALSE,FALSE
can i sell my house as is,200,Anywhere,34.21,86,39,260,320,320,170,140,,FALSE,FALSE
how fast can you sell your house,10,Anywhere,34.15,86,53,10,10,10,20,10,,FALSE,FALSE
sell my house for cash now,30,Anywhere,33.78,25,22,50,40,40,30,20,,FALSE,FALSE
how soon can you sell a house,100,Anywhere,33.74,23,14,110,70,90,110,170,,FALSE,FALSE
buy houses fast,70,Anywhere,33.49,13,38,110,70,90,20,140,,FALSE,FALSE
how to sell a house by owner for cash,80,Anywhere,33.45,88,35,90,90,70,90,70,,FALSE,FALSE
sell townhouse fast,10,Anywhere,33.37,100,46,10,10,10,10,10,,FALSE,FALSE
need to sell my property quickly,10,Anywhere,33.35,77,48,10,30,10,10,10,,FALSE,FALSE
we buy any home,2500,Anywhere,33.35,87,22,2400,2400,2400,2900,2400,,FALSE,FALSE
sell your home in 7 days,20,Anywhere,33.29,51,22,30,30,20,20,20,,FALSE,FALSE
help you sell your house,20,Anywhere,33.22,32,50,20,20,10,20,30,,FALSE,FALSE
how to sell a house as is,310,Anywhere,33.19,82,31,320,320,390,320,320,,FALSE,FALSE
sell my flat fast,30,Anywhere,33.17,53,36,30,50,40,30,30,,FALSE,FALSE
i buy homes for cash,50,Anywhere,33.14,57,38,90,70,70,50,70,,FALSE,FALSE
how can i sell my house quickly,210,Anywhere,33.07,82,52,210,260,210,210,210,,FALSE,FALSE
what to do to sell a house fast,10,Anywhere,33.01,85,52,20,20,20,10,20,,FALSE,FALSE
how to sell a home fast,450,Anywhere,32.89,80,40,390,480,480,480,480,,FALSE,FALSE
help me sell my house,120,Anywhere,32.83,69,50,140,140,170,90,140,,FALSE,FALSE
how do i sell my house as is,40,Anywhere,32.68,93,30,70,50,70,20,20,,FALSE,FALSE
i need to sell my house now,30,Anywhere,32.33,51,37,20,30,30,50,40,,FALSE,FALSE
want to sell house,80,Anywhere,32.31,71,46,140,110,110,70,40,,FALSE,FALSE
sale your home,70,Anywhere,32.22,88,55,90,90,90,70,70,,FALSE,FALSE
selling your house,3500,Anywhere,32.22,78,49,3600,3600,3600,3600,3600,,FALSE,FALSE
how to sell a house quickly,790,Anywhere,32.2,78,46,720,880,880,880,880,,FALSE,FALSE
buy your home for cash,100,Anywhere,32.19,85,34,140,210,210,70,70,,FALSE,FALSE
fastest way to sell a house,250,Anywhere,31.93,81,46,260,260,260,260,260,,FALSE,FALSE
how to price your house to sell fast,40,Anywhere,31.83,73,50,40,30,40,70,50,,FALSE,FALSE
how to sell my home quickly,50,Anywhere,31.68,76,39,70,70,90,30,50,,FALSE,FALSE
how to sell home quickly,190,Anywhere,31.68,69,50,210,260,260,170,140,,FALSE,FALSE
sale my house,580,Anywhere,31.57,67,47,480,590,720,590,590,,FALSE,FALSE
how to sell a house fast,2000,Anywhere,31.47,82,43,1900,1900,2400,2400,1900,,FALSE,FALSE
how quickly will my house sell,20,Anywhere,31.43,100,42,30,40,40,30,20,,FALSE,FALSE
how to market your home to sell fast,50,Anywhere,31.28,78,48,50,70,40,70,70,,FALSE,FALSE
need to sell my house quick,40,Anywhere,31.2,46,47,40,50,50,20,30,,FALSE,FALSE
i want to sell my home quickly,20,Anywhere,31.06,100,40,30,30,20,10,10,,FALSE,FALSE
fast sell property,10,Anywhere,30.99,37,32,30,10,10,10,20,,FALSE,FALSE
people who buy houses,510,Anywhere,30.97,74,50,590,590,590,590,590,,FALSE,FALSE
want to sell house fast,10,Anywhere,30.79,62,46,10,10,10,10,20,,FALSE,FALSE
sell this house fast,10,Anywhere,30.67,13,50,10,10,10,10,10,,FALSE,FALSE
should i sell my home,80,Anywhere,30.63,54,39,110,90,90,90,90,,FALSE,FALSE
how fast can you sell a house,100,Anywhere,30.55,66,43,90,110,90,140,110,,FALSE,FALSE
how to sell house fast in today's market,10,Anywhere,30.51,14,50,10,10,10,0,10,,FALSE,FALSE
who will buy my house fast,10,Anywhere,30.5,76,40,10,10,10,20,20,,FALSE,FALSE
fast property buyers,50,Anywhere,30.39,50,7,70,70,90,50,30,,FALSE,FALSE
quick sale property,400,Anywhere,30.38,66,33,480,320,390,480,260,,FALSE,FALSE
how do i sell my house,560,Anywhere,30.11,81,39,590,590,590,590,590,,FALSE,FALSE
sell home,5200,Anywhere,30.02,49,55,5400,5400,5400,5400,5400,,FALSE,FALSE
ways to sell your home fast,20,Anywhere,29.94,81,39,30,30,30,30,20,,FALSE,FALSE
house buy fast,270,Anywhere,29.87,71,26,320,260,260,260,210,,FALSE,FALSE
we buy your property,50,Anywhere,29.86,55,33,70,70,70,50,50,,FALSE,FALSE
sell your house in 7 days,280,Anywhere,29.48,80,19,320,390,320,320,320,,FALSE,FALSE
quick property sale,250,Anywhere,29.43,54,7,320,320,320,170,170,,FALSE,FALSE
how to sell my house,1500,Anywhere,29.4,75,43,1300,1600,1600,1600,1600,,FALSE,FALSE
what can i do to help sell my house,10,Anywhere,29.28,91,46,10,10,20,20,20,,FALSE,FALSE
how to sell your house fast with a realtor,150,Anywhere,29.21,94,43,110,140,110,260,210,,FALSE,FALSE
how to sell your home yourself,170,Anywhere,29.15,69,36,170,170,170,210,170,,FALSE,FALSE
how to sell my house quickly for a good price,310,Anywhere,29.03,75,47,390,390,320,170,210,,FALSE,FALSE
i need to sale my house fast,10,Anywhere,28.94,78,38,20,20,30,10,10,,FALSE,FALSE
how to get a quick house sale,10,Anywhere,28.91,98,50,10,10,10,10,10,,FALSE,FALSE
best way to sell your house fast,50,Anywhere,28.77,63,37,40,50,90,50,70,,FALSE,FALSE
easiest way to sell a house,50,Anywhere,28.54,52,52,50,50,70,50,90,,FALSE,FALSE
sell my house by owner,120,Anywhere,28.45,68,42,90,110,110,170,170,,FALSE,FALSE
ugly homes,510,Anywhere,28.41,22,13,390,590,480,590,720,,FALSE,FALSE
how to sell a property quickly,100,Anywhere,28.37,68,45,170,140,110,70,90,,FALSE,FALSE
what to do to sell your house fast,30,Anywhere,28.35,88,43,20,30,30,40,30,,FALSE,FALSE
how to get your house to sell,20,Anywhere,28.23,87,46,10,30,30,40,30,,FALSE,FALSE
should i sell my house,1200,Anywhere,28.07,60,40,1300,1300,1300,1300,1000,,FALSE,FALSE
best way to sell your house,530,Anywhere,27.88,88,41,590,590,590,480,480,,FALSE,FALSE
what sells a house quickly,50,Anywhere,27.87,78,50,70,110,70,20,70,,FALSE,FALSE
sell property fast for cash,40,Anywhere,27.58,34,37,50,70,50,30,30,,FALSE,FALSE
sell my house fast for market value,560,Anywhere,27.54,88,25,590,590,590,480,590,,FALSE,FALSE
what to do when selling your home,40,Anywhere,27.49,42,56,40,50,50,40,50,,FALSE,FALSE
companies that buy houses quickly,50,Anywhere,27.4,89,37,90,70,70,30,40,,FALSE,FALSE
best way to sell my house fast,10,Anywhere,27.4,55,46,20,10,10,20,20,,FALSE,FALSE
how to do a quick sale on your house,20,Anywhere,27.38,88,54,20,30,40,20,10,,FALSE,FALSE
how can i sell my house,120,Anywhere,27.37,79,52,170,170,170,90,110,,FALSE,FALSE
how to sell your home,820,Anywhere,27.25,69,43,880,880,880,880,720,,FALSE,FALSE
selling your house by owner,240,Anywhere,26.93,68,52,210,210,320,210,260,,FALSE,FALSE
sell house now,140,Anywhere,26.82,66,27,140,140,140,140,140,,FALSE,FALSE
we sell houses fast,20,Anywhere,26.6,75,39,20,30,30,20,20,,FALSE,FALSE
buy any house,170,Anywhere,26.53,78,31,170,170,170,170,170,,FALSE,FALSE
sell property for cash,80,Anywhere,26.44,81,29,110,110,90,50,70,,FALSE,FALSE
fast house sale,620,Anywhere,26.17,52,38,480,590,720,480,590,,FALSE,FALSE
how to sell your house,5600,Anywhere,26.04,84,43,5400,6600,6600,5400,5400,,FALSE,FALSE
how to sale your house quickly,20,Anywhere,25.99,77,53,40,20,30,30,30,,FALSE,FALSE
sale your house,110,Anywhere,25.79,85,49,170,140,140,70,70,,FALSE,FALSE
buying a house as is,780,Anywhere,25.71,52,33,720,880,880,720,880,,FALSE,FALSE
how to sell your own home,1600,Anywhere,25.61,83,31,1900,1900,1900,1300,1300,,FALSE,FALSE
how to make my house sell faster,20,Anywhere,25.57,70,53,20,20,20,30,40,,FALSE,FALSE
sell home online,610,Anywhere,25.46,69,39,590,720,720,590,590,,FALSE,FALSE
want to sell my home fast,10,Anywhere,25.27,71,44,10,10,10,10,10,,FALSE,FALSE
how to sell my home,300,Anywhere,25.25,75,46,320,320,390,260,260,,FALSE,FALSE
i have to sell my house fast,10,Anywhere,25.19,100,47,10,10,10,10,10,,FALSE,FALSE
i want to buy your house,50,Anywhere,25.15,46,33,70,50,70,30,50,,FALSE,FALSE
need to sell home,30,Anywhere,25.11,56,,70,50,70,10,20,,FALSE,FALSE
sell your home yourself,630,Anywhere,25.08,81,31,720,720,720,590,590,,FALSE,FALSE
how do you sell your house,150,Anywhere,25.01,79,64,170,170,170,170,140,,FALSE,FALSE
ways to sell a home,10,Anywhere,24.91,82,46,10,10,20,30,30,,FALSE,FALSE
how to sale your house,210,Anywhere,24.8,73,53,260,210,260,210,140,,FALSE,FALSE
sell your house online,470,Anywhere,24.75,58,33,480,590,480,390,480,,FALSE,FALSE
want to sell my house quickly,40,Anywhere,24.59,61,,30,40,50,30,30,,FALSE,FALSE
how to sell a small house fast,10,Anywhere,24.53,53,,10,10,10,10,10,,FALSE,FALSE
we buy property,240,Anywhere,24.53,61,,210,260,260,260,210,,FALSE,FALSE
fast property sale,100,Anywhere,24.48,52,45,140,110,140,70,90,,FALSE,FALSE
sell your condo fast,10,Anywhere,24.46,96,35,10,10,10,20,10,,FALSE,FALSE
how to sale a house fast,80,Anywhere,24.42,61,41,110,110,90,70,70,,FALSE,FALSE
how to sell a home,620,Anywhere,24.38,70,60,590,720,590,590,590,,FALSE,FALSE
how can i sell my property quickly,20,Anywhere,24.35,82,45,20,20,20,20,20,,FALSE,FALSE
best way to sell my home,30,Anywhere,24.29,98,53,20,50,70,30,20,,FALSE,FALSE
fastest way to sell my house,20,Anywhere,24.27,81,48,20,30,40,40,20,,FALSE,FALSE
help selling house,70,Anywhere,23.68,72,48,70,70,50,90,90,,FALSE,FALSE
want to sell my house,270,Anywhere,23.68,80,43,320,260,260,320,320,,FALSE,FALSE
how soon can i sell my house,140,Anywhere,23.67,47,11,170,140,140,140,170,,FALSE,FALSE
make your house sell fast,10,Anywhere,23.67,55,50,20,10,20,20,20,,FALSE,FALSE
what can i do to make my house sell faster,10,Anywhere,23.66,99,58,10,20,10,10,20,,FALSE,FALSE
sell property quickly,340,Anywhere,23.62,59,44,320,390,390,320,320,,FALSE,FALSE
how to make a house sell faster,50,Anywhere,23.56,61,53,30,50,70,50,70,,FALSE,FALSE
fastest way to sell a house by owner,10,Anywhere,23.46,96,45,10,10,10,10,10,,FALSE,FALSE
need to sale my house,30,Anywhere,23.35,83,51,70,40,40,20,30,,FALSE,FALSE
cash homes for sale,130,Anywhere,23.35,71,48,140,170,140,140,170,,FALSE,FALSE
i want sell my house quickly,40,Anywhere,23.35,67,42,50,50,50,50,30,,FALSE,FALSE
how to sell your flat quickly,20,Anywhere,23.27,67,42,30,50,40,20,20,,FALSE,FALSE
must sell my house fast,30,Anywhere,23.14,82,37,40,30,30,20,30,,FALSE,FALSE
how to make your house sell faster,130,Anywhere,23.12,62,52,140,170,170,140,170,,FALSE,FALSE
how do i sell my home,90,Anywhere,22.89,58,44,170,110,110,50,70,,FALSE,FALSE
how can i sell my flat quickly,10,Anywhere,22.87,77,37,10,20,20,20,10,,FALSE,FALSE
how to get my house sold fast,10,Anywhere,22.69,65,51,10,10,10,30,20,,FALSE,FALSE
ways to sell a house,80,Anywhere,22.63,74,51,90,90,70,70,90,,FALSE,FALSE
how to sell your house quickly in this market,30,Anywhere,22.57,44,52,50,50,40,10,30,,FALSE,FALSE
we buy properties fast,60,Anywhere,22.56,48,41,70,90,90,30,50,,FALSE,FALSE
i need to sale my house,10,Anywhere,22.54,91,51,10,20,20,20,30,,FALSE,FALSE
i want to sell my house where do i start,90,Anywhere,22.46,64,39,70,110,110,110,110,,FALSE,FALSE
creative ways to sell a house fast,120,Anywhere,22.45,83,41,50,50,70,320,260,,FALSE,FALSE
sell property fast,390,Anywhere,22.44,63,26,480,590,480,320,320,,FALSE,FALSE
how to make a house sell quickly,10,Anywhere,22.37,100,50,10,10,10,10,10,,FALSE,FALSE
sell my flat quickly,60,Anywhere,22.05,79,36,70,110,110,20,40,,FALSE,FALSE
companies who buy houses fast,20,Anywhere,21.9,51,35,30,30,30,20,20,,FALSE,FALSE
best way to sell a house,650,Anywhere,21.88,81,40,720,720,720,590,590,,FALSE,FALSE
i sold my house,270,Anywhere,21.7,39,42,320,320,320,260,260,,FALSE,FALSE
sell your property fast,150,Anywhere,21.7,68,52,170,170,170,170,210,,FALSE,FALSE
want to sell my home,50,Anywhere,21.64,68,42,50,70,70,40,50,,FALSE,FALSE
companies that buy houses in any condition,120,Anywhere,21.31,49,36,170,90,90,50,90,,FALSE,FALSE
will my house sell,160,Anywhere,21.26,70,35,210,210,210,140,140,,FALSE,FALSE
fast cash homes,10,Anywhere,21.24,55,8,10,10,10,10,20,,FALSE,FALSE
fast cash home buyers,50,Anywhere,21.21,63,26,50,50,90,70,40,,FALSE,FALSE
how do i sell a house,40,Anywhere,21.18,82,49,70,50,30,50,50,,FALSE,FALSE
how to sale your house fast,40,Anywhere,21.04,90,40,70,70,50,50,50,,FALSE,FALSE
how to sale my house,120,Anywhere,20.87,71,51,140,140,140,140,110,,FALSE,FALSE
ways to sell my house,10,Anywhere,20.59,85,49,10,10,20,10,20,,FALSE,FALSE
will buy your house,20,Anywhere,20.49,57,38,30,10,20,20,40,,FALSE,FALSE
sell this house,1100,Anywhere,20.35,15,43,590,720,590,2400,4400,,FALSE,FALSE
easy way to sell your house,20,Anywhere,20.35,92,50,20,30,40,40,40,,FALSE,FALSE
how to make my house sell,10,Anywhere,20.3,69,52,10,20,10,10,10,,FALSE,FALSE
need help selling my house,20,Anywhere,20.11,76,50,30,40,40,20,20,,FALSE,FALSE
will someone buy my house,10,Anywhere,19.99,77,35,10,10,10,10,10,,FALSE,FALSE
to sell my house,10,Anywhere,19.89,59,48,10,10,10,20,20,,FALSE,FALSE
how to sale your home,30,Anywhere,19.87,49,46,20,30,30,40,50,,FALSE,FALSE
who to sell my house with,10,Anywhere,19.78,67,46,10,20,20,20,30,,FALSE,FALSE
sell your home now,50,Anywhere,19.7,36,21,40,40,70,40,50,,FALSE,FALSE
selling a house,16500,Anywhere,19.7,57,49,14800,18100,18100,18100,18100,,FALSE,FALSE
need to sell home fast,30,Anywhere,19.69,56,46,50,30,50,20,10,,FALSE,FALSE
where can i sell my house,30,Anywhere,19.54,75,46,40,20,30,30,50,,FALSE,FALSE
what could i sell my house for,40,Anywhere,19.37,76,39,70,50,70,30,30,,FALSE,FALSE
how to sell your house by owner,910,Anywhere,19.32,77,35,720,1000,880,1000,1000,,FALSE,FALSE
what sells a house fast,100,Anywhere,19.03,70,63,90,50,110,90,110,,FALSE,FALSE
easiest way to sell your house,10,Anywhere,18.77,41,53,10,20,20,20,30,,FALSE,FALSE
how much can i sell my house for,550,Anywhere,18.4,77,35,590,590,590,480,480,,FALSE,FALSE
buy my property,250,Anywhere,18.32,61,23,320,320,320,210,260,,FALSE,FALSE
cash buyers,1600,Anywhere,18.26,39,29,1600,1600,1600,1600,1900,,FALSE,FALSE
how to sell a house fast by owner,110,Anywhere,17.94,49,36,170,140,70,90,110,,FALSE,FALSE
how to sell real estate fast,50,Anywhere,17.62,29,36,70,70,90,50,40,,FALSE,FALSE
sell your house yourself,950,Anywhere,17.45,83,31,1000,1300,880,1000,1000,,FALSE,FALSE
how to get your house sold fast,40,Anywhere,17.4,71,44,40,50,50,40,40,,FALSE,FALSE
how to get your home to sell fast,10,Anywhere,17.24,83,52,10,10,20,20,20,,FALSE,FALSE
fast home offer,220,Anywhere,17.2,61,15,210,210,210,210,260,,FALSE,FALSE
when to sell your house,470,Anywhere,17.04,49,58,480,590,480,480,480,,FALSE,FALSE
sell house today,20,Anywhere,17.03,49,35,30,20,10,20,10,,FALSE,FALSE
how to sell a house,4600,Anywhere,16.97,71,43,5400,5400,4400,4400,4400,,FALSE,FALSE
help me sell my home,30,Anywhere,16.94,82,52,50,30,20,20,10,,FALSE,FALSE
fast cash for homes,70,Anywhere,16.74,29,44,140,90,90,50,70,,FALSE,FALSE
what do i need to do to sell my house,200,Anywhere,16.62,62,48,210,260,260,170,210,,FALSE,FALSE
what you need to know about selling your house,20,Anywhere,16.06,69,44,20,30,30,30,30,,FALSE,FALSE
selling home by owner,2200,Anywhere,16.01,76,42,2400,2400,2900,1900,1900,,FALSE,FALSE
what can i do to sell my house quickly,10,Anywhere,15.98,95,52,10,10,10,10,10,,FALSE,FALSE
sell my house online,650,Anywhere,15.96,61,30,590,720,880,590,720,,FALSE,FALSE
by my house,270,Anywhere,15.94,32,35,260,260,320,260,260,,FALSE,FALSE
how do you sell a house,190,Anywhere,15.93,70,61,210,210,210,170,210,,FALSE,FALSE
where to sell my house,30,Anywhere,15.8,63,45,40,40,30,20,20,,FALSE,FALSE
what do i need to sell my house,170,Anywhere,15.71,68,41,170,210,170,170,210,,FALSE,FALSE
what do i need to know about selling my house,50,Anywhere,15.56,69,41,70,70,70,50,50,,FALSE,FALSE
sale my home,320,Anywhere,14.88,44,47,320,320,320,320,390,,FALSE,FALSE
need to sell house,110,Anywhere,14.64,42,42,110,170,170,50,70,,FALSE,FALSE
selling a house by owner,3500,Anywhere,14.53,74,38,3600,4400,4400,3600,2900,,FALSE,FALSE
selling my home myself,150,Anywhere,14.5,77,39,110,170,210,170,210,,FALSE,FALSE
10 ways to sell your home faster,10,Anywhere,14.39,71,49,10,10,10,10,10,,FALSE,FALSE
staging a house to sell quickly,60,Anywhere,14.35,57,45,50,30,30,70,30,,FALSE,FALSE
sell my own home,280,Anywhere,14.34,75,49,320,260,260,260,260,,FALSE,FALSE
things to do to sell your house faster,20,Anywhere,14.32,78,48,10,10,10,50,10,,FALSE,FALSE
how best to sell your house,20,Anywhere,14.13,84,48,30,20,10,10,20,,FALSE,FALSE
sell house online,1300,Anywhere,13.94,68,26,1300,1600,1600,1300,1300,,FALSE,FALSE
we buy and sell houses,40,Anywhere,13.77,40,37,50,70,50,30,30,,FALSE,FALSE
sell my flat,190,Anywhere,13.77,64,36,170,210,210,140,210,,FALSE,FALSE
fast sale today,200,Anywhere,13.63,62,27,170,170,210,260,210,,FALSE,FALSE
sold my house,70,Anywhere,13.48,33,38,90,90,90,50,70,,FALSE,FALSE
how to sale a house quickly,40,Anywhere,13.42,73,48,40,50,40,20,40,,FALSE,FALSE
how to get your house sold,30,Anywhere,13.35,70,40,30,20,30,30,30,,FALSE,FALSE
sell my property,1200,Anywhere,13.29,69,13,1600,1300,1300,1000,1300,,FALSE,FALSE
getting your home ready to sell,260,Anywhere,13.28,44,35,320,320,260,260,320,,FALSE,FALSE
how to make your house sell,50,Anywhere,13.13,64,48,50,50,40,70,50,,FALSE,FALSE
we want to buy your house,40,Anywhere,13.11,55,31,40,70,70,40,40,,FALSE,FALSE
what do i do to sell my house,10,Anywhere,12.94,68,46,20,20,30,20,20,,FALSE,FALSE
how much do i need to sell my house for,60,Anywhere,12.44,53,40,50,90,70,50,70,,FALSE,FALSE
sell your property,660,Anywhere,12.43,62,45,720,720,720,590,590,,FALSE,FALSE
sell my house myself,420,Anywhere,12.41,79,30,260,390,480,480,590,,FALSE,FALSE
what do you need to do to sell a house,40,Anywhere,12.36,50,48,70,70,40,40,30,,FALSE,FALSE
sell your own home,2500,Anywhere,12.34,79,38,2900,2900,2900,2400,2400,,FALSE,FALSE
what can i sell my house for,120,Anywhere,12.21,65,38,140,110,170,110,110,,FALSE,FALSE
how to sell my flat quickly,30,Anywhere,11.96,53,37,50,40,40,10,20,,FALSE,FALSE
what do you need to do to sell your house,30,Anywhere,11.75,41,46,30,20,40,50,70,,FALSE,FALSE
home for cash,510,Anywhere,11.66,76,36,480,480,480,590,590,,FALSE,FALSE
how can i sell my home fast,60,Anywhere,11.65,53,48,110,110,90,30,20,,FALSE,FALSE
what to do to sell my house,10,Anywhere,11.59,60,57,10,20,20,20,20,,FALSE,FALSE
we buy property for cash,90,Anywhere,11.57,69,,90,110,170,70,70,,FALSE,FALSE
what to do to sell your house,300,Anywhere,11.52,66,62,320,320,320,320,260,,FALSE,FALSE
homes to sell,200,Anywhere,11.49,50,41,210,260,320,140,170,,FALSE,FALSE
home buys,45000,Anywhere,11.27,49,23,40500,49500,40500,40500,49500,,FALSE,FALSE
we sell houses,140,Anywhere,11.22,34,34,170,170,170,110,170,,FALSE,FALSE
how to quick sale your home,10,Anywhere,11.21,86,44,0,0,0,10,10,,FALSE,FALSE
steps to selling a house,1600,Anywhere,11.13,40,37,1600,1900,1900,1600,1600,,FALSE,FALSE
how to make a house sell,10,Anywhere,10.96,74,48,10,10,10,20,10,,FALSE,FALSE
best way to sale a house,10,Anywhere,10.9,83,53,40,10,10,30,30,,FALSE,FALSE
fast buy properties,80,Anywhere,10.89,63,25,90,110,110,90,90,,FALSE,FALSE
how to get house ready to sell,450,Anywhere,10.89,44,35,480,590,590,390,480,,FALSE,FALSE
cash houses for sale,240,Anywhere,10.81,66,29,260,260,210,260,320,,FALSE,FALSE
how to sale your home fast,10,Anywhere,10.7,50,39,30,10,20,10,30,,FALSE,FALSE
sell your own house,690,Anywhere,10.44,73,52,720,880,720,590,590,,FALSE,FALSE
how to get your house sold quickly,10,Anywhere,10.25,54,50,10,10,10,20,20,,FALSE,FALSE
home selling tips,1200,Anywhere,10.11,34,54,1300,1300,1600,1000,1300,,FALSE,FALSE
how to get your home ready to sell,170,Anywhere,10.03,45,36,170,210,210,170,210,,FALSE,FALSE
i want to sell a house,30,Anywhere,9.97,72,44,30,40,30,50,40,,FALSE,FALSE
quick sale,710,Anywhere,9.97,31,35,703,703,703,703,703,,FALSE,FALSE
sell my property now,220,Anywhere,9.93,75,11,260,320,260,140,210,,FALSE,FALSE
how to get your house ready to sell,1000,Anywhere,9.78,52,30,1000,1300,1300,1000,880,,FALSE,FALSE
what sells a home,50,Anywhere,9.68,53,46,50,70,50,50,70,,FALSE,FALSE
how to sell your property quickly,100,Anywhere,9.54,59,45,110,140,170,90,40,,FALSE,FALSE
sell my own house,220,Anywhere,9.52,84,32,260,260,260,210,210,,FALSE,FALSE
what sells a house,280,Anywhere,9.44,48,59,320,320,320,260,260,,FALSE,FALSE
i buy houses fast,60,Anywhere,9.34,41,39,110,110,90,50,70,,FALSE,FALSE
i want to sale my house fast,20,Anywhere,9.16,51,44,30,20,30,20,30,,FALSE,FALSE
we sell homes,70,Anywhere,9.12,44,10,70,70,70,70,70,,FALSE,FALSE
i want to sell my house fast help,10,Anywhere,9.12,77,35,20,10,20,10,10,,FALSE,FALSE
how to sale a house,440,Anywhere,9.07,66,59,480,480,480,480,390,,FALSE,FALSE
how to get a house to sell fast,10,Anywhere,9.06,86,52,10,10,10,10,20,,FALSE,FALSE
getting your house ready to sell,690,Anywhere,8.99,58,36,880,880,720,590,480,,FALSE,FALSE
real estate agents near me,36600,Anywhere,8.84,43,43,33100,40500,40500,40500,40500,,FALSE,FALSE
fast sale,570,Anywhere,8.79,12,34,590,590,480,590,590,,FALSE,FALSE
sell my property for cash,40,Anywhere,8.63,86,26,90,40,70,10,40,,FALSE,FALSE
how to sell property fast,350,Anywhere,8.03,60,57,320,390,390,320,320,,FALSE,FALSE
what to do when selling a house,310,Anywhere,7.99,56,56,390,390,390,320,260,,FALSE,FALSE
how to sell a flat quickly,100,Anywhere,7.92,66,41,90,110,110,50,90,,FALSE,FALSE
sellquick,620,Anywhere,7.84,55,30,590,590,480,590,720,,FALSE,FALSE
how to sell your condo fast,10,Anywhere,7.82,66,28,10,10,20,20,30,,FALSE,FALSE
buying and selling houses,2000,Anywhere,7.69,43,46,2400,2400,2400,1900,1900,,FALSE,FALSE
selling home privately,360,Anywhere,7.6,66,28,390,390,390,320,480,,FALSE,FALSE
how to sell my property,110,Anywhere,7.49,69,39,140,110,140,110,70,,FALSE,FALSE
how to get your home sold fast,10,Anywhere,7.48,70,50,20,20,10,10,20,,FALSE,FALSE
selling your home privately,190,Anywhere,7.47,69,39,260,260,260,170,210,,FALSE,FALSE
getting house ready to sell,980,Anywhere,7.42,47,53,1000,1300,1300,880,880,,FALSE,FALSE
sell your own property,200,Anywhere,7.35,78,54,260,210,260,170,210,,FALSE,FALSE
sell my house privately,570,Anywhere,7.27,79,50,590,720,590,590,590,,FALSE,FALSE
selling your house privately,400,Anywhere,7.09,73,58,390,480,480,390,320,,FALSE,FALSE
things to do to make your house sell faster,10,Anywhere,7,71,44,10,10,10,10,10,,FALSE,FALSE
i sell my house,50,Anywhere,6.94,24,28,90,70,70,20,40,,FALSE,FALSE
tips for selling your home,2900,Anywhere,6.94,49,47,3600,3600,3600,2900,2400,,FALSE,FALSE
how to buy a house with cash,740,Anywhere,6.91,32,35,720,720,720,720,720,,FALSE,FALSE
how fast can a house sell,10,Anywhere,6.9,62,38,20,20,10,20,10,,FALSE,FALSE
how to price your home to sell fast,10,Anywhere,6.89,83,48,10,10,10,10,10,,FALSE,FALSE
what to do if you want to sell your house,20,Anywhere,6.65,69,47,20,20,10,20,20,,FALSE,FALSE
what do you need to sell a house,110,Anywhere,6.44,36,41,90,110,140,110,140,,FALSE,FALSE
tips for selling your house,1300,Anywhere,6.39,62,39,1600,1600,1600,1300,1300,,FALSE,FALSE
what helps sell a house fast,10,Anywhere,6.37,32,47,10,20,20,20,30,,FALSE,FALSE
how to sale my home fast,10,Anywhere,6.36,76,47,10,10,10,10,10,,FALSE,FALSE
want to sale my house,40,Anywhere,6.35,60,44,40,50,50,40,50,,FALSE,FALSE
sell my home privately,130,Anywhere,6.32,86,20,170,170,90,110,110,,FALSE,FALSE
trying to sell house fast,10,Anywhere,6.27,86,51,10,10,10,10,10,,FALSE,FALSE
will i sell my house soon,20,Anywhere,6.23,62,51,20,20,20,30,30,,FALSE,FALSE
how to buy a house fast,90,Anywhere,6.14,51,44,70,90,90,90,90,,FALSE,FALSE
how to sell my property fast,90,Anywhere,6.09,48,49,110,110,110,30,50,,FALSE,FALSE
what do you have to do to sell your house,10,Anywhere,6.08,64,46,10,20,30,10,20,,FALSE,FALSE
quick sale real estate,90,Anywhere,6.05,75,34,70,90,90,110,90,,FALSE,FALSE
need to buy a house fast,10,Anywhere,6.02,52,45,20,10,10,20,10,,FALSE,FALSE
how to sell your property fast,80,Anywhere,6.02,68,46,170,110,110,70,90,,FALSE,FALSE
want to sell my property,60,Anywhere,5.97,73,31,50,70,90,110,70,,FALSE,FALSE
selling a house privately,1200,Anywhere,5.97,69,27,1300,1600,1300,1300,1300,,FALSE,FALSE
cost of selling a house,6500,Anywhere,5.92,47,43,6600,8100,6600,6600,6600,,FALSE,FALSE
buy sell house,280,Anywhere,5.52,52,49,260,320,320,260,260,,FALSE,FALSE
quicksell,5700,Anywhere,5.29,23,30,5400,5400,5400,5400,6600,,FALSE,FALSE
we buy for cash,150,Anywhere,5.24,32,36,170,210,140,170,170,,FALSE,FALSE
house to sell,1100,Anywhere,5.19,34,66,1000,1300,1000,1300,1300,,FALSE,FALSE
sell my place,320,Anywhere,5.13,57,54,390,390,320,260,320,,FALSE,FALSE
how to sell your house fast by owner,30,Anywhere,4.93,23,38,20,30,20,20,140,,FALSE,FALSE
houses to buy,17800,Anywhere,4.87,53,57,18100,18100,18100,18100,18100,,FALSE,FALSE
how to sale property fast,40,Anywhere,4.86,65,46,50,30,30,40,50,,FALSE,FALSE
what you need to sell your house,10,Anywhere,4.66,51,44,30,20,20,10,20,,FALSE,FALSE
how to sell your property,140,Anywhere,4.6,64,51,140,140,140,170,170,,FALSE,FALSE
i want to sell my property fast,310,Anywhere,4.53,79,23,320,390,320,210,210,,FALSE,FALSE
sell fast,300,Anywhere,4.36,29,38,260,320,320,320,390,,FALSE,FALSE
how to get a house sold quickly,10,Anywhere,4.35,75,35,10,10,20,10,10,,FALSE,FALSE
tricks to sell a house,30,Anywhere,4.23,74,44,40,40,30,30,30,,FALSE,FALSE
house selling tips,1400,Anywhere,4.1,45,49,1600,1600,1600,1300,1300,,FALSE,FALSE
selling property privately,370,Anywhere,4.04,69,31,390,390,480,320,390,,FALSE,FALSE
how to sell property,880,Anywhere,4.03,49,47,880,880,880,880,880,,FALSE,FALSE
what you need to do to sell your house,20,Anywhere,4.03,27,34,20,30,20,30,40,,FALSE,FALSE
tricks to selling your home fast,10,Anywhere,4.02,79,44,10,10,10,10,10,,FALSE,FALSE
how to sell your condo quickly,10,Anywhere,4,67,28,10,10,10,10,10,,FALSE,FALSE
how to help sell your house,40,Anywhere,3.97,44,45,40,40,50,50,50,,FALSE,FALSE
best way to sell your home quickly,10,Anywhere,3.89,86,53,10,10,10,10,10,,FALSE,FALSE
buying a house,82200,Anywhere,3.8,54,61,74000,90500,90500,74000,74000,,FALSE,FALSE
how to get a house quickly,30,Anywhere,3.75,51,44,30,30,40,30,30,,FALSE,FALSE
homesale,6600,Anywhere,3.74,25,26,6600,6600,6600,6600,6600,,FALSE,FALSE
how to sell fast,110,Anywhere,3.69,31,52,90,110,110,140,110,,FALSE,FALSE
buy property,13000,Anywhere,3.66,40,56,12100,14800,14800,12100,12100,,FALSE,FALSE
find a buyer for my house,30,Anywhere,3.63,47,25,50,40,40,40,40,,FALSE,FALSE
sell real estate fast,10,Anywhere,3.61,53,27,10,10,10,20,20,,FALSE,FALSE
what do i need to sell a house,20,Anywhere,3.47,51,44,20,20,40,30,20,,FALSE,FALSE
things to do to sell your house quickly,10,Anywhere,3.41,71,44,20,50,50,10,10,,FALSE,FALSE
sell property,5200,Anywhere,3.4,51,49,5400,6600,5400,5400,5400,,FALSE,FALSE
sell from home,1000,Anywhere,3.38,51,38,1300,1300,1000,1000,1000,,FALSE,FALSE
how fast will my home sell,10,Anywhere,3.28,81,46,10,10,20,10,10,,FALSE,FALSE
i want to sell my property,240,Anywhere,2.88,69,33,210,320,260,210,260,,FALSE,FALSE
my house sale,150,Anywhere,2.72,41,44,140,110,140,170,170,,FALSE,FALSE
how to sell a townhouse quickly,20,Anywhere,2.68,90,40,30,20,30,10,10,,FALSE,FALSE
what to sell my house for,10,Anywhere,2.61,36,45,10,20,10,10,20,,FALSE,FALSE
houses for sell,1400,Anywhere,2.53,48,56,1309,1606,1309,1606,1309,,FALSE,FALSE
what do you need to sell your house,40,Anywhere,2.5,52,44,50,70,50,40,50,,FALSE,FALSE
how to sell your own home fast,10,Anywhere,2.48,59,53,10,10,10,10,10,,FALSE,FALSE
what did my house sell for,240,Anywhere,2.35,33,36,260,320,260,210,210,,FALSE,FALSE
what to do to sale your house,10,Anywhere,2.34,79,49,10,10,10,10,10,,FALSE,FALSE
what you need to sell a house,30,Anywhere,2.3,50,44,30,30,30,40,40,,FALSE,FALSE
ways to help sell your house,10,Anywhere,2.16,87,48,20,20,20,10,10,,FALSE,FALSE
how to sell quickly,40,Anywhere,2.15,38,46,30,50,30,50,50,,FALSE,FALSE
house selling prices,840,Anywhere,2.12,34,53,880,880,880,720,880,,FALSE,FALSE
selling house what to do,20,Anywhere,1.98,56,49,30,30,30,20,20,,FALSE,FALSE
fast home,690,Anywhere,1.83,4,21,720,720,590,720,720,,FALSE,FALSE
what can i sell from home,490,Anywhere,1.62,40,39,480,590,480,590,590,,FALSE,FALSE
best homes for sale,130,Anywhere,1.59,52,36,110,140,140,170,170,,FALSE,FALSE
how to get your house to sell quickly,10,Anywhere,1.56,63,52,10,10,10,10,10,,FALSE,FALSE
cottage real estate,160,Anywhere,1.37,29,18,110,170,140,210,110,,FALSE,FALSE
how to get a house fast,30,Anywhere,1.36,40,38,20,30,20,30,40,,FALSE,FALSE
sell property online,1900,Anywhere,1.26,63,36,1600,1900,1600,1900,1900,,FALSE,FALSE
sales tips,5100,Anywhere,1.24,9,31,5400,5400,5400,5400,5400,,FALSE,FALSE
my property for sale,230,Anywhere,1.2,53,49,260,260,260,140,110,,FALSE,FALSE
best way to sale your house,20,Anywhere,1.07,64,52,10,30,30,10,10,,FALSE,FALSE
large homes for sale,220,Anywhere,1.06,50,44,260,260,260,170,260,,FALSE,FALSE
what to sell from home,190,Anywhere,1.05,32,39,210,210,210,210,210,,FALSE,FALSE
private house sales,4100,Anywhere,0.99,45,46,4400,4400,4400,4400,4400,,FALSE,FALSE
will my house sell fast,20,Anywhere,0.9,68,50,20,30,20,40,20,,FALSE,FALSE
large houses for sale,450,Anywhere,0.88,27,48,480,480,480,480,480,,FALSE,FALSE
sale fast,50,Anywhere,0.87,28,39,70,70,50,50,50,,FALSE,FALSE
how to get a house sold fast,10,Anywhere,0.86,47,31,10,10,20,10,10,,FALSE,FALSE
fastsell,580,Anywhere,0.77,13,44,480,480,480,720,720,,FALSE,FALSE
fasthouse,15900,Anywhere,0.64,79,28,12100,14800,14800,18100,18100,,FALSE,FALSE
i want to sale my property,50,Anywhere,0.55,63,41,50,90,50,90,50,,FALSE,FALSE
want to sell property,70,Anywhere,0.52,65,34,70,90,90,50,50,,FALSE,FALSE
how to sell our house,20,Anywhere,0.34,50,46,30,30,20,10,10,,FALSE,FALSE
i have to sell my house,10,Anywhere,0.3,42,46,10,20,10,20,10,,FALSE,FALSE
how to sell a townhouse fast,10,Anywhere,0.23,82,40,10,10,10,10,10,,FALSE,FALSE
quicker home,820,Anywhere,0.17,17,38,590,590,590,480,390,,FALSE,FALSE
want to sell your house,30,Anywhere,0.13,41,46,30,30,20,40,70,,FALSE,FALSE
quicker house,50,Anywhere,0.12,9,26,70,90,50,30,30,,FALSE,FALSE
quikr homes,16100,Anywhere,0.11,21,35,18100,22200,18100,12100,9900,,FALSE,FALSE
quicker home sale,10,Anywhere,0.11,18,31,10,10,10,10,10,,FALSE,FALSE
how i sold my house fast,10,Anywhere,0.06,71,50,10,10,10,0,10,,FALSE,FALSE
how to sell your house quicker,10,Anywhere,0.04,84,52,10,10,10,10,10,,FALSE,FALSE
how to make sure your house sells,10,Anywhere,,67,47,10,10,10,10,10,,FALSE,FALSE
fastest way to sale a house,20,Anywhere,,100,26,50,40,50,10,10,,FALSE,FALSE
what sells your house,10,Anywhere,,100,56,10,10,10,10,10,,FALSE,FALSE
help i need to sell my house,10,Anywhere,,,51,10,0,10,10,-1,,FALSE,FALSE
if you want to sell your house,10,Anywhere,,29,39,20,20,20,20,40,,FALSE,FALSE
how to price a home to sell quickly,10,Anywhere,,86,41,10,10,0,10,10,,FALSE,FALSE
what sells a house in this market,10,Anywhere,,0,41,10,10,10,10,10,,FALSE,FALSE
what to do to sell your home fast,10,Anywhere,,79,50,10,0,10,10,10,,FALSE,FALSE
the best way to sell my house,10,Anywhere,,93,50,10,10,10,10,10,,FALSE,FALSE
need to sale house fast,10,Anywhere,,71,41,10,10,10,0,10,,FALSE,FALSE
need help selling house,10,Anywhere,,100,50,10,10,10,10,10,,FALSE,FALSE
ways to sell home fast,10,Anywhere,,59,46,10,20,30,20,20,,FALSE,FALSE
ways to sell my house fast,10,Anywhere,,74,50,10,10,10,10,10,,FALSE,FALSE
how to sell my property quickly,20,Anywhere,,41,44,40,50,40,10,10,,FALSE,FALSE
how to sell your townhouse fast,10,Anywhere,,71,,10,10,10,10,10,,FALSE,FALSE
we need to sell your house fast,10,Anywhere,,100,50,10,0,10,10,10,,FALSE,FALSE
how to price your home for quick sale,10,Anywhere,,50,45,10,0,10,10,10,,FALSE,FALSE
fastest house sale,10,Anywhere,,74,29,10,10,10,0,10,,FALSE,FALSE
how to get your house ready to sell quickly,10,Anywhere,,100,39,10,10,10,10,10,,FALSE,FALSE
get your house sold fast,10,Anywhere,,96,53,10,10,10,10,10,,FALSE,FALSE
sell of home,20,Anywhere,,20,55,30,50,40,20,10,,FALSE,FALSE
sell your condo quickly,10,Anywhere,,,28,10,0,0,0,-1,,FALSE,FALSE
how can i make my house sell faster,10,Anywhere,,84,53,10,10,10,10,10,,FALSE,FALSE
what to do to make your house sell faster,10,Anywhere,,73,47,10,20,10,10,10,,FALSE,FALSE
top ways to sell your home fast,10,Anywhere,,86,52,10,10,10,10,10,,FALSE,FALSE
quick sale your home,10,Anywhere,,38,51,10,10,10,10,10,,FALSE,FALSE
ways to sell your house quicker,10,Anywhere,,,52,10,0,10,0,-1,,FALSE,FALSE
how fast do homes sell,10,Anywhere,,24,31,10,10,30,20,10,,FALSE,FALSE
sell your house for more,10,Anywhere,,100,33,10,10,10,10,10,,FALSE,FALSE
need to sell home quickly,10,Anywhere,,56,50,20,10,10,10,10,,FALSE,FALSE
help me sale my house,10,Anywhere,,,47,0,10,10,10,-1,,FALSE,FALSE
need help selling my home,10,Anywhere,,67,50,10,10,10,10,10,,FALSE,FALSE
what's the best way to sell my house,10,Anywhere,,84,50,10,20,40,10,10,,FALSE,FALSE
we buy houses fast and easy,10,Anywhere,,0,34,10,10,10,10,10,,FALSE,FALSE
tricks to sell a house fast,10,Anywhere,,93,32,10,0,0,10,10,,FALSE,FALSE
what to do to sell your home quickly,10,Anywhere,,50,46,10,10,10,10,10,,FALSE,FALSE
how to sell an old house fast,20,Anywhere,,68,39,40,40,30,20,20,,FALSE,FALSE
things to do to sell your home fast,10,Anywhere,,100,47,10,0,10,10,10,,FALSE,FALSE
quicker property sale,10,Anywhere,,0,43,10,10,10,10,10,,FALSE,FALSE
to sell a house quickly,10,Anywhere,,41,47,10,10,10,10,10,,FALSE,FALSE
how can we sell our house quickly,10,Anywhere,,,61,0,0,10,0,-1,,FALSE,FALSE
selling my house what do i need to do,10,Anywhere,,53,44,10,10,10,10,10,,FALSE,FALSE
will my house sell quickly,10,Anywhere,,78,47,10,10,20,10,10,,FALSE,FALSE
what sells a house best,10,Anywhere,,79,53,0,10,0,10,10,,FALSE,FALSE
how to sale a home fast,10,Anywhere,,47,48,10,10,10,10,10,,FALSE,FALSE
pricing a house to sell fast,10,Anywhere,,,51,10,10,10,0,-1,,FALSE,FALSE
how to make your house sell quickly,10,Anywhere,,71,50,20,20,10,10,10,,FALSE,FALSE
how to sell my house by owner fast,10,Anywhere,,,38,10,10,10,10,-1,,FALSE,FALSE
how to get a quick sale on your house,10,Anywhere,,79,50,30,20,10,10,10,,FALSE,FALSE
how to get my house to sell fast,10,Anywhere,,86,52,10,10,10,10,10,,FALSE,FALSE
how fast do houses sell in my area,20,Anywhere,,62,48,20,30,30,30,20,,FALSE,FALSE
house quick sell,20,Anywhere,,57,34,40,20,50,20,10,,FALSE,FALSE
get house ready to sell quickly,10,Anywhere,,59,39,10,10,10,10,10,,FALSE,FALSE
how to price a house to sell quickly,10,Anywhere,,100,50,10,10,10,10,10,,FALSE,FALSE
how to help sell your home fast,10,Anywhere,,0,52,10,10,10,0,10,,FALSE,FALSE
we want to sell our house,20,Anywhere,,38,43,30,30,20,20,10,,FALSE,FALSE
how to get your house ready to sell fast,10,Anywhere,,33,39,10,20,10,10,10,,FALSE,FALSE
sell it quick,10,Anywhere,,28,28,20,20,20,20,20,,FALSE,FALSE
what will sell my house,10,Anywhere,,36,50,10,10,10,10,10,,FALSE,FALSE
we sell your house,20,Anywhere,,23,53,30,30,30,30,30,,FALSE,FALSE
need to sale my house fast,20,Anywhere,,36,44,30,30,30,10,10,,FALSE,FALSE
buy my property quickly,20,Anywhere,,20,51,40,30,40,10,10,,FALSE,FALSE
get house sold quickly,10,Anywhere,,8,50,10,10,10,10,30,,FALSE,FALSE
help me sell my house fast,10,Anywhere,,57,46,20,10,20,10,10,,FALSE,FALSE
how to sell a house quickly in this market,10,Anywhere,,14,40,10,10,0,0,10,,FALSE,FALSE
buy my property fast,30,Anywhere,,27,35,70,50,50,10,30,,FALSE,FALSE
what sells homes fast,20,Anywhere,,72,46,30,20,20,30,30,,FALSE,FALSE
what can i do to sell my house,10,Anywhere,,69,48,10,10,20,10,10,,FALSE,FALSE
how to sell a house fast 2016,10,Anywhere,,,25,0,10,10,-1,-1,,FALSE,FALSE
must sell my house,10,Anywhere,,42,45,10,0,10,10,10,,FALSE,FALSE
how to sell your house fast 2016,10,Anywhere,,0,23,0,0,0,-1,10,,FALSE,FALSE
sell flat fast,20,Anywhere,,22,27,20,30,20,10,10,,FALSE,FALSE
help sell your house,20,Anywhere,,19,50,20,20,20,20,20,,FALSE,FALSE
how to sell your house quickly 2016,10,Anywhere,,0,28,0,10,0,-1,10,,FALSE,FALSE
must sell house fast,20,Anywhere,,47,44,30,30,20,20,10,,FALSE,FALSE
how to sell my home fast,130,Anywhere,,,47,110,140,170,140,170,,FALSE,FALSE